sep=;
itemCategory;itemName;itemDescription;itemLanguage
Супы;Ахиако;В столице Колумбии Боготе ахиако в основном готовят из курицы, трёх сортов картофеля (один из которых очень хорошо разваривается) и из травы галинзога мелкоцветковая (называемой местными «гуаскос»). На Кубе это тушенное блюдо из говядины, свинины, курицы, овощей а также с разными клубнеплодами и корнеплодами. Считается, что название происходит от одного из испанских названий перца «aji» — блюдо и вправду острое.;Ru
Супы;Аквакотта;Изначально крестьянская пища, исторически основные ингредиенты: вода, чёрствый хлеб, лук, томаты, оливковое масло и любые сподручные овощи и обрезки мяса. Блюдо считается одним из древних.;Ru
Супы;Анэли Кызлы;Булгур, мясные шарики и нут, часто подаётся с соусом из йогурта.;Ru
Супы;Авголемоно;Куриный бульон, рис, ризони и лимон, сгущённые осторожно введёнными яйцами (чтобы не свернулись).;Ru
Супы;Беконный суп;Бекон, овощи и загуститель. На изображении беконный суп с сельдереем.;Ru
Супы;Бак Кут Те;Состоит из мясистых свиных рёбрышек в сложном отваре из трав и специй: аниса, корицы, гвоздики, женьшеня, семян фенхеля и чеснока, варившихся несколько часов.;Ru
Супы;Ячменный суп;Ячмень, лук, куриный бульон;Ru
Супы;Говяжий суп с лапшой;Тушёная или частично потушенная говядина, говяжий бульон, овощи и китайская лапша. В разных формах встречается по всей восточной и юго-восточной Азии и пользуется популярностью как китайский или тайваньский суп с лапшой.;Ru
Супы;Пивной суп;Рецепт известен со средневековья и заключается в использовании подогретого пива и кусочков хлеба с вариациями из разных ингредиентов.;Ru
Супы;Бергенский рыбный суп;Белая рыба (пикша, палтус, треска) и разнообразные овощи в густых сливках.;Ru
Супы;Бинигнайт;Кокосовое молоко, фрукты и тапиока, подаётся горячим, но иногда охлаждённым.;Ru
Супы;Суп из гнёзд;Съедобные птичьи гнёзда, дорогой деликатес, ценящийся за необычную структуру.;Ru
Супы;Борщ;Капуста и свёкла с мясом и разными овощами в мясном бульоне. Один из немногих супов, подающихся и горячим и холодным. Национальное украинское блюдо.;Ru
Супы;Буйабес;Рыбный суп;Ru
Супы;Буйон;Кусочки мяса, картофель, кусочки плантана, ямса, ламинарии, капусты и сельдерея. Традиционно готовится по субботам.;Ru
Супы;Бори-Бори;Овощи и паста;Ru
Супы;Бурая телятина;Телятина;Ru
Супы;Бурый виндзорский суп;Баранина или говядина, пастернак, морковь, лук-порей, букет гарни, мадера, популярно со времён викторианской эпохи.;Ru
Супы;Буридда;Суп с морепродуктами или тушённое блюдо;Ru
Супы;Капустница;Квашеная капуста, мясо;Ru
Супы;Кальдилло де Перро;Морепродукты, хек, чеснок, оливковое масло, лимоны и померанец. Принято подавать с кислым апельсиновым соком.;Ru
Супы;Калду верде;Картофель, тонко нарезанная кале и ломтики чоризо, добавляемыми после подачи.;Ru
Супы;Каллалу;Листики таро или другой лиственной зелени, обычно со свининой или крабовым мясом. Зелень, добавляемая в каллалу, разнится от острова к острову в зависимости от наличия.;Ru
Супы;Канжа де Галина;Курица, паста и лимон;Ru
Супы;Карповый суп;Голова карпа и субпродукты, лук и прочие овощи. В Чехии традиционно подаётся на рождественский ужин.;Ru
Супы;Касуэла;Прозрачный бульон, рис, картофель, кабачки или тыква, кукуруза, курица или говядина. Готовится в Южной Америке и Испании. На фото — эквадорская касуэла.;Ru
Супы;Каштановый суп;Каштаны — основной ингредиент.;Ru
Супы;Куриный суп с лапшой;Курица, овощи, лапша, например, яичная.;Ru
Супы;Куриный суп;Готовится из курятины на медленном огне с разными другими ингредиентами. На фото — китайский куриный суп с кукурузой и грибами.;Ru
Супы;Чупе;Густой молочный суп с морепродуктами.;Ru
Супы;Цёпинно;Тушённое рыбное ассорти с томатами и моллюсками (итало-американская кухня).;Ru
Супы;Кок-а-лики;Суп из лука-порея, курицы и картофеля.;Ru
Супы;Холодник;Свёкла (иногда помидоры), популярен в восточной Европе. В Литве, как правило, делается в летний период в двух вариантах: горячем и холодном. Оба в основе содержат свёклу, но остальные ингредиенты могут разнится.;Ru
Супы;Консоме;Консоме (от фр. Con-sommer — долго варить) представляет собой крепкий, сильно уваренный осветлённый мясной бульон. Консоме готовят из говядины, телятины, а также из куриного мяса. Часто консоме является «двойным» бульоном, что означает, что вначале был сварен бульон на кости, в котором затем было отварено уже мясо (кусочки или фарш). Подаётся с мясными пирожками и зеленью.;Ru
Супы;Корн-чаудер;Напоминает ново-английский клэм-чаудер, с кукурузой вместо моллюсков. Густой кремовый суп с кукурузой, картофелем и беконом на курином бульоне — жирный, сытный и домашний.;Ru
Супы;Крабовый суп;Мясо краба и жирные сливки;Ru
Супы;Суп-пюре из яблок;;Ru
Супы;Суп-пюре из спаржи;;Ru
Супы;Суп-пюре из брокколи;Брокколи, бульон и молоко или сливки как основные ингредиенты.;Ru
Супы;Суп-пюре из сельдерея;;Ru
Супы;Суп-пюре из курицы;;Ru
Супы;Суп-пюре из картофеля;;Ru
Супы;Суп-пюре из томатов;;Ru
Супы;Суп-пюре из краба;На фото — мэрилендский суп-пюре из крабов.;Ru
Супы;Грибной суп-пюре;;Ru
Супы;Суп-пюре из шпината;;Ru
Супы;Крем Нинон;Базируется на густом бульоне с плотным пюре из зелёного гороха с шампанским.;Ru
Супы;Огуречный суп;Огуречный суп известен во множестве кухонь.;Ru
Супы;Каллен скинк;Копчёная пикша, картофель, лук и сливки.;Ru
Супы;Карри Ми;Тонкая жёлтая лапша и/или ми-хун (рисовая вермишель) с острым соусом карри, перец-чили/самбал, кокосовое молоко, и по желанию сушёное тофу, креветки, каракатицы, курица, яйца, листки мяты и сердцевидки (моллюски).;Ru
Супы;Даси;Осветлённый рыбный бульон, готовящийся с комбу (морской водорослью) и кацуобуси (кусочки сушёно-копчёного тунца). Даси нередко используется как основа для мисосиру и других японских супов.;Ru
Супы;Утиный суп с лапшой;Горячий суп с утиным мясом, разными травами и лапшой.;Ru
Супы;Даньхуатан;Китайский суп с клочками яиц, варёных в курином бульоне.;Ru
Супы;Этрог;Суп из цитрусовых, используемый в ритуале на празднике суккот.;Ru
Супы;Суп Эзогелин;Суп из красной чечевицы, булгура, лука, чеснока, соли, оливкового масла, чёрного перца, острого перца и мяты.;Ru
Супы;Фанеска;Суп из трески;Ru
Супы;Суп Би-Хун;Суп из морепродуктов;Ru
Супы;Рыбный суп;;Ru
Супы;Халасле;Горячий и пряный суп из речной рыбы с большим количеством паприки.;Ru
Супы;Французский луковый суп;Насыщенный бульон с луком и говядиной. Часто подаётся с гренками или растопленным сверху сыром, который покрывает коркой чашу.;Ru
Супы;Фруктсоппа;Сушёные фрукты, например изюм и чернослив.;Ru
Супы;Суп Фуфу;Овощи, мясо, рыба и шарики из семян.;Ru
Супы;Фуме;Рыбный бульон нередко концентрируется и используется в качестве соусной основы, часто готовится из рыбьей головы и костей.;Ru
Супы;Гармуджа;Основные ингредиенты: куриный или овощной бульон, спаржа, артишоки, бобы, горох, лук и мясо, например панчетта и телятина.;Ru
Супы;Гаспачо;Пюре из помидоров и овощей;Ru
Супы;Джинатан;Метод приготовления включает в себя использование кокосового молока. Джинатаном на Филиппинах называют несколько разных блюд.;Ru
Супы;Джинестрата;Жидкий, слегка приправленный суп на яичной основе из куриного бульона, яичных желтков и с марсалой или белым вином.;Ru
Супы;Суп из козьего мяса с перцем;Общие ингредиенты: козлятина, раки, африканский перец (также зовется «энге») и мускатный орех.;Ru
Супы;Кугигугсё;Суп из свинины с лапшой.;Ru
Супы;Комкук;Готовится из говяжьих рёбер, хвоста, корейки, головы и костей продолжительным вывариванием на медленном огне. Бульон комкука имеет молочно-белый цвет и насыщенный вкус.;Ru
Супы;Гуляш;Национальное блюдо венгров: кусочки говядины или телятины, тушёные с копчёным шпиком, луком, перцем (паприкой) и картофелем. Блюдо относится к категории густых супов. Изначально суп с различными добавками был традиционной едой венгерских пастухов и готовился в котлах на костре.;Ru
Супы;Арахисовый суп;Суп из арахиса.;Ru
Супы;Кук;Тхан (?) или кук (?) — это разновидность блюд корейской кухни. Хотя «кук» часто группируют с «тхан», строго говоря, это разные блюда: кук более жидкий и чаще подаётся дома, а тхан более густой и был придуман как ресторанная еда.;Ru
Супы;Гамбо;Блюдо американской кухни, распространённое в штате Луизиана. Представляет собой густой суп со специями, похожий по консистенции на рагу. В состав гамбо входят: овощи (помидоры, окра, лук, сладкий перец), мясо, курица, колбасы, ветчина или морепродукты (креветки, крабы или устрицы).;Ru
Супы;Горячий и кислый суп;Супы из нескольких азиатских культурных традиций. Во всех случаях суп содержит ингредиенты, делающие его пряно-кислым.;Ru
Супы;Исленск Кьйотсупа;Суп с бараниной и овощами.;Ru
Супы;Джуму;Пряный тыквенный суп с кусочками говядины, картофеля, бананов и овощей: сельдерей, морковь, петрушка, лук и капуста. Его едят каждое первое января — в честь Гаитянской независимости в 1804 году.;Ru
Супы;Харчо;Национальный грузинский суп из говядины с рисом на специальной кислой основе — сушёных слив-ткемали либо тклапи. Суп густой, очень пряный, острый, с обилием чеснока и местной зелени (в частности, уцхо-сунели).;Ru
Супы;Квати;Суп из девяти типов бобовых: урда, маша, нута, фасоли, сои, гороха полевого, гороха посевного, коровьего гороха, рисовой фасоли.;Ru
Супы;Лакса;Блюдо перанаканской кухни, распространённое в Малайзии, Сингапуре и Индонезии и представляющее собой острый суп с лапшой.;Ru
Супы;Лагман;Популярное среднеазиатское национальное блюдо уйгуров и дунган, проживающих в Казахстане, Киргизии и Китае (Синьцзян), китайцев, особенно в провинциях Ганьсу и Цинхай, а также узбеков. Лагман готовится из мяса (преимущественно баранины), овощей и тянутой длинной лапши.;Ru
Супы;Суп из лука-порея;Лук-порей и картофель. В Уэльсе популярен в день Святого Давида.;Ru
Супы;Суп из латука;Латук — основной ингредиент.;Ru
Супы;Суп из чечевицы;Красная, зелёная или коричневая чечевица. Суп встречается на Среднем Востоке и Средиземноморье.;Ru
Супы;Рагу из лобстеров;Суп-пюре или бульон с кусочками северо-атлантического лобстера.;Ru
Супы;Суп из омаров;Омар, густые сливки и херес;Ru
Супы;Лог-Лог;Суп с яичной лапшой (региональные вариации зовутся киналас, батсой);Ru
Супы;Калакейтто;Карельское и финское национальное блюдо, традиционный финский и карельский суп, может встречаться название молочная уха.;Ru
Супы;Лян-Фанг;Суп из го-рё (собачьего мяса) либо морепродуктов с лимоном, перцем чили и китайскими овощами.;Ru
Супы;Макку;Основной ингредиент: бобы;Ru
Супы;Манхэттенский клэм-чаудер;Клэм-чаудер на томатной основе.;Ru
Супы;Мэрилендский крабовый суп;Овощи, голубой краб, а также смесь специй и пряностей «Old Bay Seasoning» в томатной основе.;Ru
Супы;Суп с клёцками из мацы;Основное блюдо в праздник песах.;Ru
Супы;Суп из дыни;Суп, готовящийся из дыни как основного ингредиента.;Ru
Супы;Менудо;Требуха, нога телёнка, перцы чили, мамалыга и специи.;Ru
Супы;Минестроне;Блюдо итальянской кухни, лёгкий суп из сезонных овощей, иногда с добавлением пасты или риса. Минестроне — одно из наиболее распространённых в Италии блюд.;Ru
Супы;Мисосиру;Блюдо японской кухни, суп с растворённой в нём пастой мисо. В состав супа включается множество второстепенных ингредиентов, их набор зависит от региона и сезона.;Ru
Супы;Мьёоггук;Суп с морскими водорослями.;Ru
Супы;Моинг-га;В состав входят: нут и/или дроблёный обжаренный рис, чеснок, лук, лемонграсс, стебель бананового дерева, имбирь, рыбная паста, рыбный соус и сом в наваристом бульоне. Подаётся с рисовой вермишелью.;Ru
Супы;Рагу Миллиган;Импровизированный суп-рагу, обычно готовящийся из всех доступных ингредиентов.;Ru
Супы;Миллигатауни;Мясо овощи и специи. Базируется на индийском рецепте соуса.;Ru
Супы;Нэнмён;В корейской кухне холодное куксу (лапша) с водой, разбавленной с соевым соусом и горчицей. Также содержит овощи, яйцо и отварное мясо. Название переводится с корейского языка как «холодная лапша».;Ru
Супы;Нанг Мен;Традиционный суп с лапшой;Ru
Супы;Суп из крапивы;Для супа используют нежные побеги крапивы. Суп популярен в Скандинавии и Восточной Европе.;Ru
Супы;Новоанглийский клэм-чаудер;Бекон, мирпуа, сок моллюска и густые сливки, а также картофель и нарезанные моллюски.;Ru
Супы;Суп из бамии;Бамия;Ru
Супы;Окрошка;Традиционное блюдо национальной русской кухни.;Ru
Супы;Суп из бычьих хвостов;Суп готовится из бычьих хвостов. Известны по крайней мере пять несвязанных друг с другом супов: Традиционное корейское блюдо, китайское блюдо, больше похожее на мясное рагу, жаренные или прошедшие через гриль хвосты в комбинации с суповой основой, популярны в Индонезии, где зовутся соп бунтут. Этническое блюдо американского юга, известное ещё до начала войны за независимость, и густой с богатым вкусом суп, напоминающий соус — популярный в Англии, начиная с XVIII века. Креольский суп из бычьих хвостов готовится на томатной основе с бычьими хвостами, картофелем, зелёной фасолью, кукурузой, мирпуа, чесноком, а также с травами и специями. В Германии есть множество вариаций супа из бычьих хвостов (зовущихся Оксеншлеппсуппе), обычно включающие бычий хвост, разные корнеплоды, травы, а также херес или мадеру.;Ru
Супы;Суп из пальмового ореха;Пальмовое ядро как главный ингредиент.;Ru
Супы;Панада;Хлебный суп с хлебными обрезками, яйцами, говяжьим бульоном с сыром пармезан.;Ru
Супы;Паста э Фаджоли;Куриный бульон, макаронные изделия и овощи.;Ru
Супы;Жёлтый гороховый суп;Гороховый суп, известный от французских поселенцев Канады. Также зовётся «Франко-Канадским гороховым супом».;Ru
Супы;Арахисовый суп;Готовится из арахиса, популярен в африканской кухне. На изображении — арахисовый суп с фуфу.;Ru
Супы;Филадельфийский перечный горшок;Суп из говяжьей требухи и перца.;Ru
Супы;Фо;Блюдо вьетнамской кухни, суп с лапшой, в который при сервировке добавляют говядину или курятину, иногда кусочки жареной рыбы или рыбные шарики.;Ru
Супы;Рассольный суп;Различные виды маринованных овощей. На фото — «рассольник».;Ru
Супы;Суп из свиной крови;Тайская и китайская кухни, употреблялся ещё рабочими в Кайфыне «более тысячи лет назад».;Ru
Супы;Позоле;Свинина или курятина в бульоне, мамалыга, лук, чеснок, сушёные чили и кинза — основные ингредиенты.;Ru
Супы;Псоросупа;Оливковое масло и лимонный сок, овощи, рис и морская рыба.;Ru
Супы;Тыквенный суп;В этот крем-суп из тыквы может входить немного зелёного перца (итальянского), красный перец, лук, соль и немного масла. Сверху суп украшают рукколой.;Ru
Супы;Рамэн;Японское блюдо с пшеничной лапшой. Фактически представляет собой фастфуд: недорогое, обладает большой энергетической ценностью и хорошим вкусом. Считается блюдом китайской, корейской и японской кухни.;Ru
Супы;Расам;В индийской кухне — овощной суп.;Ru
Супы;Рассольник;Блюдо русской кухни, суп, основой которого являются солёные огурцы, также может добавляться огуречный рассол.;Ru
Супы;Суп Рамфорда;Простой суп, готовящийся из ячменя или ячменной муки и гороха как основных ингредиентов, позиционировался как суп для бедных людей.;Ru
Супы;Саймин;Свежая, мягкая, невысушенная яичная лапша в бульоне из скумбрии или креветок с веяниями китайской, японской, филиппинской, гавайской, корейской и португальской кухонь.;Ru
Супы;Сальморехо;Холодный суп-пюре из томатов и хлеба, родом из андалусской Кордовы. Сальморехо делают из томатов, хлеба, масла, чеснока и уксуса. Томаты обычно очищают от кожицы и протирают вместе с другими ингредиентами. Суп подаётся холодным с нарезанным «горным хамоном» и варёными яйцами.;Ru
Супы;Самгетхан;Суп из курицы и женьшеня, готовящийся с клейким рисом, жужубой, каштанами, чесноком и имбирём.;Ru
Супы;Саюр-асем;Овощной кисловато-пряный суп;Ru
Супы;Саюр-тумпан;Темпе, перец-чили и индонезийские приправы.;Ru
Супы;Перловый суп;Баранина, перловая крупа и разные овощи.;Ru
Супы;Суп из акульих плавников;Суп из акульих плавников — блюдо китайской кухни, традиционно подаваемое по специальным случаям, таким как свадьбы или банкеты.;Ru
Супы;Щавелевый суп;Суп из щавеля, популярный в России, Польше, Украине. В некоторых рецептах заменяется шпинатом или лебедой.;Ru
Супы;Щи;Разновидность заправочного супа, национальное русское блюдо.;Ru
Супы;Чаудер из морепродуктов;Лосось, мидии, креветки и гребешки в сливочной основе.;Ru
Супы;Крабовый суп;Мясо голубого краба и крабовая икра;Ru
Супы;Креветочный суп;Креветки как основа;Ru
Супы;Суп из нарезной рыбы;Рыба, креветки и овощи.;Ru
Супы;Снерт;Гороховый суп, который едят преимущественно зимой, подаётся с нарезанными колбасками.;Ru
Супы;Солянка;Блюдо русской кухни, суп на крутом мясном, рыбном или грибном бульоне с острыми приправами.;Ru
Супы;Сопа де Гато;Простой суп, включающий в себя хлеб, масло, чеснок, соль.;Ru
Супы;Сото;Густой суп, базирующийся на разных пряных пастах, бульонах и иногда кокосовом молоке. К сото нередко идут разные гарниры — бобовые ростки, самбал, крекеры, оладьи и иногда лапша.;Ru
Супы;Сото Аям;Пряный суп с куриным мясом, разобранным на волокна, лапшой и разными гарнирами: бобовыми ростками, варёными яйцами, зелёным луком, жареными хлопьями лука, соусом чили, рисовыми лепешками и картофельными оладьями.;Ru
Супы;Суп Алла-Канавезе;Бульон, томатное пюре, масло, морковь, сельдерей, лук, цветная капуста, беконный жир, пармезан, петрушка, шалфей, соль и перец чёрный.;Ru
Супы;Вишнёвый суп;Вишни со сметаной.;Ru
Супы;Жур;Оригинальное национальное блюдо, входящее в состав польской и белорусской кухонь. Был известен у славянских народов ещё со времен Владимира Мономаха и представлял собой похлебку из овсяной муки.;Ru
Супы;Кислый суп(рыбный суп);Рис, рыба, разные овощи и в некоторых случаях ананас. Этим термином также называется масса супов разных национальных кухонь.;Ru
Супы;Гороховый суп;Сушёный горох в данном супе основной ингредиент. С разными вариациями встречается во множестве культур. Может быть как желтоватой текстуры, так и серо-зелёной, в зависимости от сортов гороха в местности.;Ru
Супы;Суп-Сквош;;Ru
Супы;Каменный суп;Свинина (например чоризо и бекон), красная фасоль и кориандр.;Ru
Супы;Соп Камбин;Козлятина, томаты, сельдерей, зелёный лук, имбирь, листья свечного дерева или лайма, бульон, жёлтый по цвету.;Ru
Супы;Страцциателла;Итальянский суп, состоящий из мясного бульона и небольших клочков яичной смеси.;Ru
Супы;Фруктовый суп;Как правило, готовится из сухофруктов, служит десертным блюдом и подаётся холодным.;Ru
Супы;Суп Тако;Ингредиенты используются почти такие же, как и в тако: говяжий фарш, томаты, нарезанный зелёный чили, оливы, лук, кукуруза, бобы и специи для тако. Вегетарианская версия объединяет в себе другие ингредиенты с бобами, исключая говяжий фарш.;Ru
Супы;Танг Фен;Рисовая лапша в бульоне, обычно говяжьем или курином.;Ru
Супы;Танг Мьян;Яичная лапша в бульоне, обычно говяжьем или курином.;Ru
Супы;Таратор;Холодный суп, популярный в летнее время в Болгарии и Македонии. Обычно подаётся перед вторыми блюдами или одновременно со вторым блюдом (иногда в стакане, если жидкий). Основные компоненты: кислое молоко (несладкий жидкий йогурт), огурцы, чеснок, грецкий орех, укроп, растительное (часто оливковое) масло, вода, соль, специи.;Ru
Супы;Тархана;Ферментированное зерно и молочные продукты;Ru
Супы;Тинола;Курица и нарезанная зелёная папайя.;Ru
Супы;Том-ям;Кисло-острый суп на основе куриного бульона с креветками, курицей, рыбой или другими морепродуктами. Национальное блюдо Лаоса и Таиланда. Также употребляется в соседних странах: в Малайзии, Сингапуре и Индонезии.;Ru
Супы;Томатный суп;Основной ингредиент — томаты, может быть добавлен базилик.;Ru
Супы;Ттоккук;Блюдо корейской кухни, суп с клёцками «тток». В Корее его обычно едят на Новый год. В ттоккук два ингредиента — подливка (кук) и тонко нарезанные рисовые лепёшки тток. Считается, что есть ттоккук — хорошее предзнаменование, а чашка ттоккука продлевает жизнь на год. В ттоккук часто добавляют нарезанное варёное яйцо, маринованное мясо и ким.;Ru
Супы;Суп из индейки;Мясо и бульон из индейки, овощи (обычно лук, морковь и сельдерей), широкая яичная лапша или рис.;Ru
Супы;Уха;Русское национальное жидкое блюдо, разновидность супа. Готовится из одного или нескольких видов рыбы. Нередко сочетают рыбу морскую и речную, в супе больший объём занимает рыба, нежели овощи.;Ru
Супы;Овощной суп;Овощи — основной ингредиент;Ru
Супы;Вишисуаз;Луковый суп-пюре. Суп готовится из различных сортов лука, прежде всего лука-порея, который слегка поджаривается вместе с картофелем в сливочном масле, затем овощи тушатся в курином бульоне. Наконец, суп взбивается вместе со сливками до состояния пюре. Как правило, блюдо подаётся холодным, поскольку считается, что его предпочтительнее есть летом в палящую жару.;Ru
Супы;Ватерзой;Классическая бельгийская похлёбка, традиционное блюдо Фландрии. Иногда также используется название «Gentse Waterzooi» (гентский ватерзой), которое указывает на происхождение блюда.;Ru
Супы;Свадебный суп;Зелёные овощи, мясо, куриный бульон.;Ru
Супы;Винный суп;На фото — винный суп с хлебом.;Ru
Супы;Суп из зимней тыквы;Восковая тыква, наполненная обычно куриным бульоном, овощами и мясом (готовившимися на пару несколько часов).;Ru
Супы;Зуппа Павезе;Состоит из бульона с жареными ломтиками хлеба и яйцами пашот. Обычно подаётся с тёртым сыром.;Ru
Гарниры;Спагетти;;Ru
Гарниры;Лапшевники;;Ru
Гарниры;Отварной рис;;Ru
Гарниры;Отварная греча;;Ru
Гарниры;Рис с морковкой и специями для плова;;Ru
Гарниры;Рис с овощами;;Ru
Гарниры;Гречка с грибами;;Ru
Гарниры;Тушёная капуста;;Ru
Гарниры;Капуста свежая жареная;;Ru
Гарниры;Капуста, тушёная в сливках;;Ru
Гарниры;Цветная капуста;;Ru
Гарниры;Тушёная свекла в сметане;;Ru
Гарниры;Морковь,тушёная в сметане;;Ru
Гарниры;Тушёные кабачки;;Ru
Гарниры;Кабачок жареный;;Ru
Гарниры;Кабачки с сыром;;Ru
Гарниры;Пюре из кабачков;;Ru
Гарниры;Тушёная тыква;;Ru
Гарниры;Стручковая фасоль;;Ru
Гарниры;Овощное рагу;;Ru
Гарниры;Аджапсандал;;Ru
Гарниры;Огурцы;;Ru
Гарниры;Помидорыомидоры;;Ru
Гарниры;Сладкий перец;;Ru
Гарниры;Зеленый горошек (консерв.);;Ru
Гарниры;Кукуруза (консерв.);;Ru
Гарниры;Фасоль (консерв.);;Ru
Гарниры;Овощные смеси (консерв.);;Ru
Гарниры;Грибы (консерв.);;Ru
Гарниры;Кабачковая икра (консерв.);;Ru
Гарниры;Баклажанная икра (консерв.);;Ru
Гарниры;Картофель жареный;;Ru
Гарниры;Картофель запечённый;;Ru
Гарниры;Картофель отварной;;Ru
Гарниры;Пюре;;Ru
Гарниры;Картофель фри;;Ru
Гарниры;Картошка, запеченная дольками;;Ru
Гарниры;Картофель «Дофине»;;Ru
Гарниры;Тушёная фасоль;;Ru
Гарниры;Фасолевое пюре;;Ru
Гарниры;Гороховое пюре;;Ru
Гарниры;Чечевица в томатном соусе;;Ru
Гарниры;Каша пшеничная;;Ru
Гарниры;Каша ячневая;;Ru
Гарниры;Каша пшёная;;Ru
Гарниры;Каша дружба;;Ru
Гарниры;Каша рисовая;;Ru
Гарниры;Каша гречневая;;Ru
Гарниры;Каша перловая;;Ru
Гарниры;Каша гороховая;;Ru
Гарниры;Каша чечевичная;;Ru
Гарниры;Горка риса, тушенных овощей и зеленого горошка;;Ru
Гарниры;Рис/пюре + тушеная капуста/тушеные кабачки;;Ru
Гарниры;Запечёные кабачки с сыром;;Ru
Гарниры;Цветная капуста с сыром по-грузински;;Ru
Гарниры;Цветная капуста с голландским соусом;;Ru
Гарниры;Капуста краснокачанная с яблоками;;Ru
Фастфуд;Гамбургер;;Ru
Фастфуд;Чизбургер;;Ru
Фастфуд;Вегетарианский Гамбургер;;Ru
Фастфуд;Большой Гамбургер;;Ru
Фастфуд;Чизбургер с Беконом;;Ru
Фастфуд;Картофель-Фри;;Ru
Фастфуд;Наггетсы;;Ru
Фастфуд;Шаверма в лаваше;;Ru
Фастфуд;Шаверма в пите;;Ru
Фастфуд;Сэндвич;;Ru
Фастфуд;Хот-дог;;Ru
Фастфуд;Корн-дог;;Ru
Фастфуд;Самса;;Ru
Фастфуд;Шварма;;Ru
Фастфуд;Дёнер-кебаб ;;Ru
Фастфуд;Буррито;;Ru
Фастфуд;Блины;;Ru
Фастфуд;Картофель фри;;Ru
Фастфуд;Рыба и картофель фри;;Ru
Фастфуд;Фалафель;;Ru
Пицца;Pizza aglio e olio;С горячим оливковым маслом, слегка обжаренным в нём чесноком и орегано.;Ru
Пицца;Pizza aglio, olio e pomodoro;Оливковое масло, чеснок, орегано и помидоры.;Ru
Пицца;Pizza alla marinara;Маринара - помидорами, чесноком, оливковым маслом и орегано (дополнительно анчоусы, каперсы и чёрные оливки).;Ru
Пицца;Pizza con le cozze;С мидиями, чесноком, оливковым маслом и петрушкой.;Ru
Пицца;Pizza alle vongole;С венерками (двустворчатые моллюски), помидорами, чесноком, оливковым маслом, петрушкой и орегано.;Ru
Пицца;Pizza Margherita;Маргарита с помидорами, моцареллой, оливковым маслом и базиликом. ;Ru
Пицца;Pizza Napolitana/Napoli;"""По-неаполитански"" — с помидорами, моцареллой, пармезаном, анчоусами, оливковым маслом, орегано и базиликом.";Ru
Пицца;Pizza Regina;С помидорами, моцареллой, шампиньонами, ветчиной, орегано (иногда ещё и с чёрными оливками).;Ru
Пицца;Pizza capricciosa;Каприччоза — с помидорами, моцареллой, грибами, артишоками, зелёными и чёрными оливками.;Ru
Пицца;Pizza ai quattro formaggi;Четыре сыра — с четырьмя различными сортами сыра.;Ru
Пицца;Pizza quattro stagioni;Четыре сезона — общим ингредиентом являются помидоры. Пицца разделена на четыре части (четыре времени года).;Ru
Пицца;Pizza ai funghi e salsicce;Фунги — с моцареллой, грибами, сосисками, с помидорами или без.;Ru
Пицца;Pizza Diabola;Дьябола — пицца с салями и острым калабрийским перцем.;Ru
Пицца;Pizza al tonno;С тунцом;Ru
Пицца;Pizza ai frutti di mare;С морепродуктами.;Ru
Пицца;Pizza Hawaii;Гавайская — с ветчиной и ананасом, предположительно американского происхождения.;Ru
Пицца;Sicilian pizza;Сицилийская — квадратная, с анчоусами.;Ru
Салаты;Греческий Салат;;Ru
Салаты;Капустный Салат;;Ru
Салаты;Картофельный Салат;;Ru
Салаты;Салат Курицы или Индейки;;Ru
Салаты;Овощной Салат;;Ru
Салаты;Салат с Зеленью и Овощным Ассорти;;Ru
Салаты;"Салат ""Цезарь""";;Ru
Салаты;Салат из Тунца;;Ru
Салаты;Салат с Макаронами;;Ru
Салаты;Селедка под шубой;;Ru
Салаты;Сельдь с луком;;Ru
Салаты;Винегрет;;Ru
Салаты;Оливье;;Ru
Салаты;Мимоза;;Ru
Салаты;Фруктовый салат;;Ru
Салаты;Салат с морепродуктами;;Ru
Морепродукты;Анчоусы;;Ru
Морепродукты;Кальмар;;Ru
Морепродукты;Кальмар Отварной;;Ru
Морепродукты;Кальмар Сушеный;;Ru
Морепродукты;Жареные Кальмары;;Ru
Морепродукты;Кальмары Гриль;;Ru
Морепродукты;Камбала;;Ru
Морепродукты;Запеченная Камбала;;Ru
Морепродукты;Жареная Камбала;;Ru
Морепродукты;Копченый Лосось;;Ru
Морепродукты;Краб;;Ru
Морепродукты;Запеченный Краб;;Ru
Морепродукты;Жареный Краб;;Ru
Морепродукты;Синий Краб;;Ru
Морепродукты;Креветки;;Ru
Морепродукты;Запеченные Креветки;;Ru
Морепродукты;Жареные Креветки;;Ru
Морепродукты;Лосось;;Ru
Морепродукты;Запеченный Лосось;;Ru
Морепродукты;Жареный Лосось;;Ru
Морепродукты;Атлантический Лосось;;Ru
Морепродукты;Горбуша;;Ru
Морепродукты;Мидии;;Ru
Морепродукты;Моллюски;;Ru
Морепродукты;Креветки, Омар, Моллюски, Краб, Мидии;;Ru
Морепродукты;Омар;;Ru
Морепродукты;Запеченные Омары;;Ru
Морепродукты;Жареные Омары;;Ru
Морепродукты;Раки вареные;;Ru
Морепродукты;Осьминог;;Ru
Морепродукты;Палтус;;Ru
Морепродукты;Раки;;Ru
Морепродукты;Запеченная Рыба;;Ru
Морепродукты;Жаренная Рыба;;Ru
Морепродукты;Рыба на Гриле;;Ru
Морепродукты;Запеченный Лосось;;Ru
Морепродукты;Жареный Лосось;;Ru
Морепродукты;Тилапия;;Ru
Морепродукты;Сардины;;Ru
Морепродукты;Сардины в Масле;;Ru
Морепродукты;Сельдь;;Ru
Морепродукты;Маринованная Сельдь;;Ru
Морепродукты;Скумбрия;;Ru
Морепродукты;Сом;;Ru
Морепродукты;Запеченный Сом;;Ru
Морепродукты;Жареный Сом;;Ru
Морепродукты;Треска;;Ru
Морепродукты;Запеченная Треска;;Ru
Морепродукты;Жареная Треска;;Ru
Морепродукты;Тунец;;Ru
Морепродукты;Тунец в собственном соку;;Ru
Морепродукты;Тунец в масле;;Ru
Морепродукты;Голубой Тунец;;Ru
Морепродукты;Желтоперый Тунец;;Ru
Морепродукты;Запеченный Тунец;;Ru
Морепродукты;Жареный Тунец;;Ru
Морепродукты;Устрицы;;Ru
Морепродукты;Радужная Форель;;Ru
Морепродукты;Запеченная Форель;;Ru
Морепродукты;Жареная Форель;;Ru
Морепродукты;Форель Слабосоленая;;Ru
Мясные блюда;Адобо;;Ru
Мясные блюда;Азу;;Ru
Мясные блюда;Айнтопф;;Ru
Мясные блюда;Антрекот;;Ru
Мясные блюда;Афелия;;Ru
Мясные блюда;Ашлян-Фу;;Ru
Мясные блюда;Байонская ветчина;;Ru
Мясные блюда;Бастурма;;Ru
Мясные блюда;Бекон в шоколаде;;Ru
Мясные блюда;Беляш;;Ru
Мясные блюда;Бефстроганов;;Ru
Мясные блюда;Бешбармак;;Ru
Мясные блюда;Билтонг;;Ru
Мясные блюда;Биточки;;Ru
Мясные блюда;Бифштекс;;Ru
Мясные блюда;Бозбаш;;Ru
Мясные блюда;Буженина;;Ru
Мясные блюда;Бёф бургиньон;;Ru
Мясные блюда;Ванильный ростбиф;;Ru
Мясные блюда;Венский шницель;;Ru
Мясные блюда;Ветчинный хлеб;;Ru
Мясные блюда;Виндалу;;Ru
Мясные блюда;Воскресный обед;;Ru
Мясные блюда;Галантин;;Ru
Мясные блюда;Гамбургер;;Ru
Мясные блюда;Говядина «Веллингтон»;;Ru
Мясные блюда;Гуанчиале;;Ru
Мясные блюда;Гуляш;;Ru
Мясные блюда;Гуртук;;Ru
Мясные блюда;Гуртук;;Ru
Мясные блюда;Гювеч;;Ru
Мясные блюда;Гюрза (блюдо);;Ru
Мясные блюда;Джерки;;Ru
Мясные блюда;Дзампоне;;Ru
Мясные блюда;Долма;;Ru
Мясные блюда;Дымдама;;Ru
Мясные блюда;Жаба в норке;;Ru
Мясные блюда;Жаркое;;Ru
Мясные блюда;Заливное;;Ru
Мясные блюда;Зельц;;Ru
Мясные блюда;Изделия из рубленого мяса;;Ru
Мясные блюда;Ирландское рагу;;Ru
Мясные блюда;Ирландское рагу;;Ru
Мясные блюда;Кальби;;Ru
Мясные блюда;Кальби;;Ru
Мясные блюда;Камджатхан;;Ru
Мясные блюда;Карагеоргиев шницель;;Ru
Мясные блюда;Картулипорсс;;Ru
Мясные блюда;Касселер;;Ru
Мясные блюда;Катлама;;Ru
Мясные блюда;Кацудон;;Ru
Мясные блюда;Киббех;;Ru
Мясные блюда;Кнели;;Ru
Мясные блюда;Коддл;;Ru
Мясные блюда;Копальхен;;Ru
Мясные блюда;Кордон блё;;Ru
Мясные блюда;Косидо;;Ru
Мясные блюда;Костица;;Ru
Мясные блюда;Котлета;;Ru
Мясные блюда;Кульчётай;;Ru
Мясные блюда;Кутаб;;Ru
Мясные блюда;Кутаб;;Ru
Мясные блюда;Куырдак;;Ru
Мясные блюда;Кюр (блюдо);;Ru
Мясные блюда;Кёнигсбергские клопсы;;Ru
Мясные блюда;Кёнигсбергские клопсы;;Ru
Мясные блюда;Лабскаус;;Ru
Мясные блюда;Лагман;;Ru
Мясные блюда;Лардо;;Ru
Мясные блюда;Лаулау;;Ru
Мясные блюда;Лахмаджун;;Ru
Мясные блюда;Лестерширский пирог со свининой;;Ru
Мясные блюда;Локо Моко;;Ru
Мясные блюда;Луканико;;Ru
Мясные блюда;Луковый клопс;;Ru
Мясные блюда;Люля-кебаб;;Ru
Мясные блюда;Макароны по-флотски;;Ru
Мясные блюда;Маклюбе;;Ru
Мясные блюда;Мактак;;Ru
Мясные блюда;Манты;;Ru
Мясные блюда;Момо (блюдо);;Ru
Мясные блюда;Мужужи;;Ru
Мясные блюда;Мульгикапсад;;Ru
Мясные блюда;Мусака;;Ru
Мясные блюда;Мясо по-французски;;Ru
Мясные блюда;Нарын (блюдо);;Ru
Мясные блюда;Олья подрида;;Ru
Мясные блюда;Оссобуко;;Ru
Мясные блюда;Отбивная по-милански;;Ru
Мясные блюда;Панчетта;;Ru
Мясные блюда;Папа рельена;;Ru
Мясные блюда;Пастрома;;Ru
Мясные блюда;Паштет;;Ru
Мясные блюда;Пельмени;;Ru
Мясные блюда;Перемяч;;Ru
Мясные блюда;Пиде (блюдо);;Ru
Мясные блюда;Пити;;Ru
Мясные блюда;Плескавица;;Ru
Мясные блюда;Плов;;Ru
Мясные блюда;Подкогыльо;;Ru
Мясные блюда;Пожарские котлеты;;Ru
Мясные блюда;Позы;;Ru
Мясные блюда;Полендвица;;Ru
Мясные блюда;Потофё;;Ru
Мясные блюда;Прошутто;;Ru
Мясные блюда;Пршут;;Ru
Мясные блюда;Пучеро;;Ru
Мясные блюда;Пянсе;;Ru
Мясные блюда;Пёркёльт;;Ru
Мясные блюда;Рагу;;Ru
Мясные блюда;Рагу фин;;Ru
Мясные блюда;Рагу фин;;Ru
Мясные блюда;Рисолле;;Ru
Мясные блюда;Ромштекс;;Ru
Мясные блюда;Ропа вьеха;;Ru
Мясные блюда;Ростбиф;;Ru
Мясные блюда;Ростбиф Жирарди;;Ru
Мясные блюда;Ростбиф с луком;;Ru
Мясные блюда;Рулет;;Ru
Мясные блюда;Сало;;Ru
Мясные блюда;Сальтимбокка;;Ru
Мясные блюда;Сальтисон;;Ru
Мясные блюда;Самса;;Ru
Мясные блюда;Сарид;;Ru
Мясные блюда;Сате;;Ru
Мясные блюда;Свид;;Ru
Мясные блюда;Серранито;;Ru
Мясные блюда;Сиве;;Ru
Мясные блюда;Сиченики;;Ru
Мясные блюда;Скачущий Джон;;Ru
Мясные блюда;Славинк;;Ru
Мясные блюда;Слатур;;Ru
Мясные блюда;Смалец;;Ru
Мясные блюда;Соллонтхан;;Ru
Мясные блюда;Солонина;;Ru
Мясные блюда;Стейк;;Ru
Мясные блюда;Сторновейский чёрный пудинг;;Ru
Мясные блюда;Стуфат;;Ru
Мясные блюда;Стью;;Ru
Мясные блюда;Сувлаки;;Ru
Мясные блюда;Сукалки;;Ru
Мясные блюда;Суп из собаки;;Ru
Мясные блюда;Тантуни;;Ru
Мясные блюда;Тафельшпиц;;Ru
Мясные блюда;Террин;;Ru
Мясные блюда;Тефтели;;Ru
Мясные блюда;Тирольский шпик;;Ru
Мясные блюда;Тонсенг;;Ru
Мясные блюда;Фатанерош;;Ru
Мясные блюда;Филе-миньон;;Ru
Мясные блюда;Фламенкин;;Ru
Мясные блюда;Флорентийский бифштекс;;Ru
Мясные блюда;Фляки;;Ru
Мясные блюда;Форикол;;Ru
Мясные блюда;Франкфуртские говяжьи колбаски;;Ru
Мясные блюда;Фрикадельки;;Ru
Мясные блюда;Фрикасе;;Ru
Мясные блюда;Хамон (блюдо);;Ru
Мясные блюда;Хангикьот;;Ru
Мясные блюда;Хинкал;;Ru
Мясные блюда;Холодец;;Ru
Мясные блюда;Хушур;;Ru
Мясные блюда;Хушур;;Ru
Мясные блюда;Хычин;;Ru
Мясные блюда;Хэджангук;;Ru
Мясные блюда;Цзяоцзы;;Ru
Мясные блюда;Чанахи;;Ru
Мясные блюда;Чебурек;;Ru
Мясные блюда;Чебурек;;Ru
Мясные блюда;Чевапчичи;;Ru
Мясные блюда;Чизбургер;;Ru
Мясные блюда;Чичаррон;;Ru
Мясные блюда;Чолнт;;Ru
Мясные блюда;Чучвара;;Ru
Мясные блюда;Чыз-быз;;Ru
Мясные блюда;Шатобриан (стейк);;Ru
Мясные блюда;Шаурма;;Ru
Мясные блюда;Шашлык;;Ru
Мясные блюда;Шашлык;;Ru
Мясные блюда;Шведские фрикадельки;;Ru
Мясные блюда;Ширтан;;Ru
Мясные блюда;Ширтан;;Ru
Мясные блюда;Ширтан;;Ru
Мясные блюда;Шкварки;;Ru
Мясные блюда;Шницель;;Ru
Мясные блюда;Шурпа;;Ru
Мясные блюда;Эскалоп;;Ru
Мясные блюда;Эчпочмак;;Ru
Мясные блюда;Якитори;;Ru
Мясные блюда;Ятернице;;Ru
Макароны и паста;Картофельные Ньокки;;Ru
Макароны и паста;Лазанья;;Ru
Макароны и паста;Лазанья с Мясом;;Ru
Макароны и паста;Лазанья с Мясом и Шпинатом;;Ru
Макароны и паста;Лазанья с Курицей;;Ru
Макароны и паста;Постная Лазанья;;Ru
Макароны и паста;Лапша;;Ru
Макароны и паста;Спагетти;;Ru
Макароны и паста;Макароны с Мясным Соусом;;Ru
Макароны и паста;Постные Макароны с Томатным Соусом;;Ru
Макароны и паста;Спагетти из Цельной Пшеницы;;Ru
Макароны и паста;Макароны;;Ru
Макароны и паста;Макароны с Сыром;;Ru
Макароны и паста;Равиоли с Сырной Начинкой;;Ru
Макароны и паста;Равиоли с Мясной Начинкой;;Ru
Макароны и паста;Равиоли с Томатным Соусом;;Ru
Горячие напитки;Американо;;Ru
Горячие напитки;Аффогато;;Ru
Горячие напитки;Бичерин;;Ru
Горячие напитки;Вьетнамский ледяной кофе;;Ru
Горячие напитки;Галлон;;Ru
Горячие напитки;Глясе;;Ru
Горячие напитки;Ипохский белый кофе;;Ru
Горячие напитки;Капучино;;Ru
Горячие напитки;Карахильо;;Ru
Горячие напитки;Кортадо;;Ru
Горячие напитки;Кофе по-ирландски;;Ru
Горячие напитки;Кофе по-льежски;;Ru
Горячие напитки;Кофе по-турецки;;Ru
Горячие напитки;Кофе с ликёром;;Ru
Горячие напитки;Кофе с молоком;;Ru
Горячие напитки;Кофе Туба;;Ru
Горячие напитки;Кофе-фраппе;;Ru
Горячие напитки;Кофейный коктейль;;Ru
Горячие напитки;Кубинский кофе;;Ru
Горячие напитки;Латте;;Ru
Горячие напитки;Латте макиато;;Ru
Горячие напитки;Лонг блэк;;Ru
Горячие напитки;Лунго;;Ru
Горячие напитки;Макиато;;Ru
Горячие напитки;Меланж;;Ru
Горячие напитки;Моккачино;;Ru
Горячие напитки;Мокко;;Ru
Горячие напитки;Постум;;Ru
Горячие напитки;Ристретто;;Ru
Горячие напитки;Рэд ай;;Ru
Горячие напитки;Фарисей;;Ru
Горячие напитки;Флэт уайт;;Ru
Горячие напитки;Фраппе;;Ru
Горячие напитки;Фраппучино;;Ru
Горячие напитки;Холодный кофе;;Ru
Горячие напитки;Эспрессо;;Ru
Горячие напитки;Эспрессо мартини;;Ru
Горячие напитки;Зеленый чай;;Ru
Горячие напитки;Черный чай;;Ru
Горячие напитки;Белый чай;;Ru
Горячие напитки;Желтый чай;;Ru
Горячие напитки;Молочный Улун;;Ru
Горячие напитки;Пуэр;;Ru
Горячие напитки;Ромашка;;Ru
Горячие напитки;Смородина;;Ru
Горячие напитки;Шиповник;;Ru
Горячие напитки;Зверобой;;Ru
Горячие напитки;Тимьян;;Ru
Горячие напитки;Душица;;Ru
Горячие напитки;Мята;;Ru
Горячие напитки;Кудин;;Ru
Горячие напитки;Каркаде;;Ru
Горячие напитки;Ханибуш;;Ru
Горячие напитки;Мате (матэ);;Ru
Горячие напитки;Ройбуш (ройбос);;Ru
Алкоголь;Абрикон;;Ru
Алкоголь;Абсент;;Ru
Алкоголь;Авамори;;Ru
Алкоголь;Аквавит;;Ru
Алкоголь;Аллаш;;Ru
Алкоголь;Арака;;Ru
Алкоголь;Байцзю;;Ru
Алкоголь;Бамбузе;;Ru
Алкоголь;Бреннивин;;Ru
Алкоголь;Виньяк;;Ru
Алкоголь;Виски;;Ru
Алкоголь;Водка;;Ru
Алкоголь;Граппа;;Ru
Алкоголь;Женевер;;Ru
Алкоголь;Жжёное вино;;Ru
Алкоголь;Зивания;;Ru
Алкоголь;Зубровка;;Ru
Алкоголь;Кашаса;;Ru
Алкоголь;Клековача;;Ru
Алкоголь;Кокуй;;Ru
Алкоголь;Мастика;;Ru
Алкоголь;Мескаль;;Ru
Алкоголь;Метакса;;Ru
Алкоголь;Наливка;;Ru
Алкоголь;Орухо;;Ru
Алкоголь;Охотничий чай;;Ru
Алкоголь;Пастис;;Ru
Алкоголь;Первач;;Ru
Алкоголь;Писко;;Ru
Алкоголь;Потин;;Ru
Алкоголь;Ракия;;Ru
Алкоголь;Ракы;;Ru
Алкоголь;Ром;;Ru
Алкоголь;Ромфастиан;;Ru
Алкоголь;Самогон;;Ru
Алкоголь;Сётю;;Ru
Алкоголь;Смородиновка;;Ru
Алкоголь;Старка;;Ru
Алкоголь;Тайский виски;;Ru
Алкоголь;Текила;;Ru
Алкоголь;Тутовая водка;;Ru
Алкоголь;Узо;;Ru
Алкоголь;Фенни;;Ru
Алкоголь;Фернет;;Ru
Алкоголь;Хересный бренди;;Ru
Алкоголь;Чача;;Ru
Алкоголь;Шнапс;;Ru
Алкоголь;Blavod;;Ru
Алкоголь;Светлый лагер;;Ru
Алкоголь;Бельгийское белое;;Ru
Алкоголь;Пильзнер;;Ru
Алкоголь;Berliner Weisse;;Ru
Алкоголь;Майбок;;Ru
Алкоголь;Блонд эль;;Ru
Алкоголь;Вайсбир;;Ru
Алкоголь;Американский пейл-эль;;Ru
Алкоголь;Индийский пейл-эль;;Ru
Алкоголь;Вайсбир;;Ru
Алкоголь;Сезон;;Ru
Алкоголь;Английский биттер;;Ru
Алкоголь;Extra Special биттер;;Ru
Алкоголь;Бьер-де-Гард;;Ru
Алкоголь;Двойной индийский пейл-эль;;Ru
Алкоголь;Тёмный лагер;;Ru
Алкоголь;Венский лагер;;Ru
Алкоголь;Мэрцен;;Ru
Алкоголь;Янтарный эль;;Ru
Алкоголь;Коричневый эль;;Ru
Алкоголь;Бок-бир;;Ru
Алкоголь;Мюнхенский тёмный лагер;;Ru
Алкоголь;Дункелвайс;;Ru
Алкоголь;Сухой стаут;;Ru
Алкоголь;Доппельбок;;Ru
Алкоголь;Портер;;Ru
Алкоголь;Стаут;;Ru
Алкоголь;Foreign Extra стаут;;Ru
Алкоголь;Балтийский портер;;Ru
Алкоголь;Имперский стаут;;Ru
Алкоголь;Вино белое;;Ru
Алкоголь;Вино красное;;Ru
Алкоголь;Вино розовое;;Ru
Алкоголь;Вино игристое, белое;;Ru
Алкоголь;Вино игристое, розовое;;Ru
Прохладительные напитки;7 Up;;Ru
Прохладительные напитки;Альмдудлер;;Ru
Прохладительные напитки;Байкал;;Ru
Прохладительные напитки;Бесцветная кока-кола;;Ru
Прохладительные напитки;Биола;;Ru
Прохладительные напитки;Буратино;;Ru
Прохладительные напитки;Бутилированная вода;;Ru
Прохладительные напитки;Гранита;;Ru
Прохладительные напитки;Гренадин;;Ru
Прохладительные напитки;Дюшес;;Ru
Прохладительные напитки;Имбирный эль;;Ru
Прохладительные напитки;Кисель;;Ru
Прохладительные напитки;Кока-кола;;Ru
Прохладительные напитки;Кока-кола лайт;;Ru
Прохладительные напитки;Кола;;Ru
Прохладительные напитки;Компот;;Ru
Прохладительные напитки;Кофезаменители;;Ru
Прохладительные напитки;Кофола;;Ru
Прохладительные напитки;Крем-сода;;Ru
Прохладительные напитки;Лимонад;;Ru
Прохладительные напитки;Милкис;;Ru
Прохладительные напитки;Миндальное молоко;;Ru
Прохладительные напитки;Оранжина;;Ru
Прохладительные напитки;Орчата;;Ru
Прохладительные напитки;Оршад;;Ru
Прохладительные напитки;Отаи;;Ru
Прохладительные напитки;Пепси;;Ru
Прохладительные напитки;Поска;;Ru
Прохладительные напитки;Рамунэ;;Ru
Прохладительные напитки;Реджувелак;;Ru
Прохладительные напитки;Салеп;;Ru
Прохладительные напитки;Саяны;;Ru
Прохладительные напитки;Ситро;;Ru
Прохладительные напитки;Смузи;;Ru
Прохладительные напитки;Тальская вода;;Ru
Прохладительные напитки;Тархун;;Ru
Прохладительные напитки;Тач;;Ru
Прохладительные напитки;Техате;;Ru
Прохладительные напитки;Тоник;;Ru
Прохладительные напитки;Фанта;;Ru
Прохладительные напитки;Чай;;Ru
Прохладительные напитки;Чампуррадо;;Ru
Прохладительные напитки;Шербет;;Ru
Прохладительные напитки;Юлмуст;;Ru
Прохладительные напитки;Afri-Cola;;Ru
Прохладительные напитки;Bionade;;Ru
Прохладительные напитки;Bitter Lemon;;Ru
Прохладительные напитки;Calpis;;Ru
Прохладительные напитки;Club-Mate;;Ru
Прохладительные напитки;Coca-Cola Citra;;Ru
Прохладительные напитки;Dr Pepper;;Ru
Прохладительные напитки;Fresca;;Ru
Прохладительные напитки;Gatorade;;Ru
Прохладительные напитки;Irn-Bru;;Ru
Прохладительные напитки;Kinnie;;Ru
Прохладительные напитки;M-150;;Ru
Прохладительные напитки;Mecca-Cola;;Ru
Прохладительные напитки;Mello Yello;;Ru
Прохладительные напитки;Mirinda;;Ru
Прохладительные напитки;Mountain Dew;;Ru
Прохладительные напитки;Nestea;;Ru
Прохладительные напитки;OpenCola;;Ru
Прохладительные напитки;Pocari Sweat;;Ru
Прохладительные напитки;Red Bull;;Ru
Прохладительные напитки;Red Bull;;Ru
Прохладительные напитки;Rivella;;Ru
Прохладительные напитки;Schweppes;;Ru
Прохладительные напитки;Sprite;;Ru
Прохладительные напитки;Ubuntu Cola;;Ru
Прохладительные напитки;Vio;;Ru
Прохладительные напитки;Vita Cola;;Ru
Прохладительные напитки;Wostok;;Ru
Прохладительные напитки;Аодзиру;;Ru
Прохладительные напитки;Апельсиновый сок;;Ru
Прохладительные напитки;Берёзовый сок;;Ru
Прохладительные напитки;Вержус;;Ru
Прохладительные напитки;Виноградный сок;;Ru
Прохладительные напитки;Грейпфрутовый сок;;Ru
Прохладительные напитки;Грушевый сок;;Ru
Прохладительные напитки;Клюквенный сок;;Ru
Прохладительные напитки;Кокосовая вода;;Ru
Прохладительные напитки;Копайский бальзам;;Ru
Прохладительные напитки;Лимонный сок;;Ru
Прохладительные напитки;Морковный сок;;Ru
Прохладительные напитки;Муст;;Ru
Прохладительные напитки;Овощной сок;;Ru
Прохладительные напитки;Скаммоний;;Ru
Прохладительные напитки;Томатный сок;;Ru
Прохладительные напитки;Яблочный сок;;Ru
Десерты;Американское парфе;;Ru
Десерты;Баба;;Ru
Десерты;Баррига де фрейра;;Ru
Десерты;Батончик;;Ru
Десерты;Баумкухен;;Ru
Десерты;Бекмес;;Ru
Десерты;Боярышниковые хлопья;;Ru
Десерты;Бугаца;;Ru
Десерты;Варенье;;Ru
Десерты;Варенье из лепестков роз;;Ru
Десерты;Варенье-пятиминутка;;Ru
Десерты;Галактобуреко;;Ru
Десерты;Гата (блюдо);;Ru
Десерты;Гаш;;Ru
Десерты;Гранита;;Ru
Десерты;Губадия;;Ru
Десерты;Гуди (пудинг);;Ru
Десерты;Джалеби;;Ru
Десерты;Джалляб;;Ru
Десерты;Джандуйя;;Ru
Десерты;Джезерье;;Ru
Десерты;Димсам;;Ru
Десерты;Желтки святой Терезы;;Ru
Десерты;Жент;;Ru
Десерты;Заварной крем;;Ru
Десерты;Зальцбургские клёцки;;Ru
Десерты;Золотое изобилие;;Ru
Десерты;Йогурт;;Ru
Десерты;Йоркширский пудинг;;Ru
Десерты;Йыуаса;;Ru
Десерты;Калиссоны;;Ru
Десерты;Карамель;;Ru
Десерты;Карамельный пудинг;;Ru
Десерты;Карвинг (кулинария);;Ru
Десерты;Каталонский крем;;Ru
Десерты;Кейк поп;;Ru
Десерты;Кисель;;Ru
Десерты;Кленовый сироп;;Ru
Десерты;Кнафе;;Ru
Десерты;Козинаки;;Ru
Десерты;Коктейльная вишня;;Ru
Десерты;Конфитюр;;Ru
Десерты;Корж (кулинария);;Ru
Десерты;Кранахан;;Ru
Десерты;Крем-брюле;;Ru
Десерты;Крембо;;Ru
Десерты;Крембо;;Ru
Десерты;Круассан;;Ru
Десерты;Кубердон;;Ru
Десерты;Лимбургский пирог;;Ru
Десерты;Лукумадес;;Ru
Десерты;Мавр в рубашке;;Ru
Десерты;Манхар бланко;;Ru
Десерты;Марципан;;Ru
Десерты;Маршмэллоу;;Ru
Десерты;Маффин;;Ru
Десерты;Молочный коктейль;;Ru
Десерты;Мороженое;;Ru
Десерты;Мусс;;Ru
Десерты;Мямми;;Ru
Десерты;Нардек;;Ru
Десерты;Открытый пирог;;Ru
Десерты;Папу-де-анжу;;Ru
Десерты;Парфе;;Ru
Десерты;Пастилки Виши;;Ru
Десерты;Паштел-де-ната;;Ru
Десерты;Пеламуши;;Ru
Десерты;Персик Мелба;;Ru
Десерты;Персипан;;Ru
Десерты;Пирог волхвов;;Ru
Десерты;Пирожное;;Ru
Десерты;Пишмание;;Ru
Десерты;Повидло;;Ru
Десерты;Пралине;;Ru
Десерты;Профитроли;;Ru
Десерты;Пудинг;;Ru
Десерты;Пуншкрапфен;;Ru
Десерты;Рогалик;;Ru
Десерты;Ромовая баба;;Ru
Десерты;Румтопф;;Ru
Десерты;Саварен;;Ru
Десерты;Сахарная вата;;Ru
Десерты;Сметанник;;Ru
Десерты;Смузи;;Ru
Десерты;Солёная лакрица;;Ru
Десерты;Сорбе;;Ru
Десерты;Строганый лёд;;Ru
Десерты;Строганый лёд;;Ru
Десерты;Тавук-гёксу;;Ru
Десерты;Тайяки;;Ru
Десерты;Таралли;;Ru
Десерты;Творожный сырок;;Ru
Десерты;Тираж сахарный;;Ru
Десерты;Тонкие блинчики;;Ru
Десерты;Травяное желе;;Ru
Десерты;Трайфл;;Ru
Десерты;Тулумба;;Ru
Десерты;Туррон;;Ru
Десерты;Фирни;;Ru
Десерты;Франжипан;;Ru
Десерты;Фруктовый лёд;;Ru
Десерты;Фруктовый суп;;Ru
Десерты;Хлебный суп;;Ru
Десерты;Цимес;;Ru
Десерты;Цугский вишнёвый торт;;Ru
Десерты;Цуреки;;Ru
Десерты;Чизкейк;;Ru
Десерты;Шекербура;;Ru
Десерты;Юэбин;;Ru
Alcohol;Beer;;En
Alcohol;Light Beer;;En
Alcohol;Budweiser Beer;;En
Alcohol;Budweiser Light Beer;;En
Alcohol;Genuine Draft Beer;;En
Alcohol;Margarita;;En
Alcohol;Martini;;En
Alcohol;Mojito;;En
Alcohol;Frozen Margarita;;En
Alcohol;Gin and Tonic;;En
Alcohol;White Table Wine;;En
Alcohol;Sauvignon Blanc Wine;;En
Alcohol;Riesling Wine;;En
Alcohol;Pinot Blanc Wine;;En
Alcohol;Chenin Blanc Wine;;En
Alcohol;Red Wine;;En
Alcohol;Red Table Wine;;En
Alcohol;Pinot Noir Wine;;En
Alcohol;Zinfandel Wine;;En
Alcohol;Chianti Wine;;En
Alcohol;Cabernet Sauvignon Wine;;En
Alcohol;Fruit Punch (Alcoholic);;En
Alcohol;Root Beer;;En
Alcohol;Vodka;;En
Cold drinks;Fruit Flavored Drink;;En
Cold drinks;Fruit-Flavored Drink;;En
Cold drinks;Lemonade-Flavor Drink;;En
Cold drinks;Lemonade Flavored Drink with Sugar;;En
Cold drinks;Fruit Flavored Drink;;En
Cold drinks;Energy Drink;;En
Cold drinks;Fruit Flavored Sports Drink;;En
Cold drinks;Red Bull Sugar Free (8 oz);;En
Cold drinks;Soda;;En
Cold drinks;Diet Soda;;En
Cold drinks;Cola Soda;;En
Cold drinks;Pepper Soda;;En
Cold drinks;Cream Soda;;En
Cold drinks;Soy Milk;;En
Cold drinks;Chocolate Soy Milk;;En
Cold drinks;Lemonade;;En
Cold drinks;Limeade;;En
Cold drinks;Low Calorie Lemonade;;En
Cold drinks;Milk Shake;;En
Cold drinks;Chocolate Shake;;En
Cold drinks;Vanilla Shake;;En
Cold drinks;Thick Vanilla Milk Shake;;En
Cold drinks;Thick Chocolate Milk Shake;;En
Cold drinks;Fruit Punch;;En
Cold drinks;Chocolate Ice Cream Soda;;En
Cold drinks;Ice Cream Soda;;En
Cold drinks;Classic Coke Float;;En
Cold drinks;Coca-Cola Float/Blended Float;;En
Cold drinks;Iced Coffee;;En
Cold drinks;Iced Tea;;En
Desserts;Blondie;;En
Desserts;Cheesecake;;En
Desserts;Chocolate Cake;;En
Desserts;Sponge Cake;;En
Desserts;Butter Pound Cake;;En
Desserts;Hard Candies;;En
Desserts;Milk Chocolate Candies;;En
Desserts;Sweet Chocolate Candies;;En
Desserts;Jellybeans;;En
Desserts;Gumdrops Candies;;En
Desserts;Chocolate Cheesecake;;En
Desserts;Cheesecake with Fruit;;En
Desserts;Diet Cheesecake;;En
Desserts;Milk Chocolate Candies;;En
Desserts;Semisweet Chocolate Candies;;En
Desserts;Chocolate;;En
Desserts;White Chocolate Candies;;En
Desserts;Chocolate Chips;;En
Desserts;Cookies;;En
Desserts;Sugar Cookies;;En
Desserts;Peanut Butter Cookies;;En
Desserts;Shortbread Cookies;;En
Desserts;Chocolate Filled Crepe;;En
Desserts;Crepe Suzette;;En
Desserts;Blueberry Crepe;;En
Desserts;Fruit Filled Crepe;;En
Desserts;Cupcake;;En
Desserts;Chocolate Cupcake;;En
Desserts;Custard;;En
Desserts;Caramel Custard Flan;;En
Desserts;Egg Custards;;En
Desserts;Dark Chocolate;;En
Desserts;Donuts;;En
Desserts;Doughnuts;;En
Desserts;Glazed Doughnuts;;En
Desserts;Frozen Yogurt;;En
Desserts;Chocolate Fudge;;En
Desserts;Peanut Butter Fudge;;En
Desserts;Ice Cream;;En
Desserts;Vanilla Ice Cream;;En
Desserts;Chocolate Ice Cream;;En
Desserts;Strawberry Ice Cream;;En
Desserts;Light Vanilla Ice Cream;;En
Desserts;Licorice;;En
Desserts;Black Licorice;;En
Desserts;Red Vine Licorice;;En
Desserts;Black Licorice Scottie Dogs;;En
Desserts;English Muffin;;En
Desserts;Blueberry Muffins;;En
Desserts;Vanilla Muffin;;En
Desserts;Chocolate Chip Muffin;;En
Desserts;Blueberry Pancake;;En
Desserts;Buttermilk Pancake;;En
Desserts;Potato Pancake;;En
Desserts;Danish Pastry;;En
Desserts;Cheese Danish Pastry;;En
Desserts;Danish Pastry with Fruit;;En
Desserts;Cinnamon Danish Pastry;;En
Desserts;Puff Pastry;;En
Desserts;Apple Pie;;En
Desserts;Pecan Pie;;En
Desserts;Cherry Pie;;En
Desserts;Blueberry Pie;;En
Desserts;Lemon Meringue Pie;;En
Desserts;Chocolate Puddings;;En
Desserts;Vanilla Puddings;;En
Desserts;Tapioca Puddings;;En
Desserts;Banana Puddings;;En
Desserts;Bread Pudding;;En
Desserts;Citrus Flavor Fruit Sorbet;;En
Desserts;Noncitrus Flavor Fruit Sorbet;;En
Desserts;Lemon Sorbet;;En
Desserts;Mango Sorbet;;En
Desserts;Blueberry Sorbet;;En
Desserts;Spinach Souffle;;En
Desserts;Cheese Souffle;;En
Desserts;Seafood Souffle;;En
Desserts;Lime Souffle;;En
Desserts;Apple Strudel;;En
Desserts;Berry Strudel;;En
Desserts;Cheese and Fruit Strudel;;En
Desserts;Cheese Strudel;;En
Desserts;Cherry Strudel;;En
Desserts;Hot Fudge Sundae;;En
Desserts;Sweet Roll;;En
Desserts;Cinnamon Sweet Rolls;;En
Desserts;Sweet Cinnamon Bun;;En
Desserts;Frosted Sweet Cinnamon Bun;;En
Desserts;Crescent Rolls;;En
Desserts;Chocolate Wafers;;En
Desserts;Cream Wafers;;En
Desserts;Vanilla Wafers;;En
Desserts;Plain Waffle;;En
Fast food;Hamburger;Single Patty with Condiments;En
Fast food;Cheeseburger;Single Patty with Condiments;En
Fast food;Veggie Burgers;;En
Fast food;Large Hamburger;Large Hamburger with Condiments and Vegetables;En
Fast food;Cheeseburger with Bacon and Condiments;;En
Fast food;Burrito with Beef (No Beans);;En
Fast food;Burrito with Chicken;;En
Fast food;Burrito with Beef and Beans;;En
Fast food;Burrito with Beef and Cheese;;En
Fast food;Burrito with Beef;;En
Fast food;Beans and Cheese;;En
Fast food;Calzone with Meat and Cheese;;En
Fast food;Meatless Calzone with Cheese;;En
Fast food;Supreme Calzone;;En
Fast food;Artichoke & Cheese Calzone;;En
Fast food;Cheeseburger;;En
Fast food;Cheeseburger with Tomato;Cheeseburger with Tomato and/or Catsup on Bun;En
Fast food;Cheeseburger with 1/4 Lb Meat on Bun;;En
Fast food;Plain Cheeseburger on Bun;;En
Fast food;Bacon Cheeseburger with 1/4 Lb Meat;;En
Fast food;Chicken Nuggets;;En
Fast food;Lowfat Chicken Nuggets;;En
Fast food;Breaded Chicken Patty;;En
Fast food;Fillet or Tenders;;En
Fast food;Chicken McNuggets (4 Pieces);;En
Fast food;Chicken McNuggets (6 Pieces);;En
Fast food;Curry Powder;;En
Fast food;Chicken Curry;;En
Fast food;Beef Curry;;En
Fast food;Lamb Curry;;En
Fast food;Curry Sauce (Dry, Dehydrated);;En
Fast food;Meatless Enchilada with Cheese;;En
Fast food;Enchilada with Beef;;En
Fast food;Enchilada with Beef and Cheese;;En
Fast food;Enchilada with Chicken and Cheese;Enchilada with Chicken and Cheese in Tomato-Based Sauce;En
Fast food;Enchilada with Beef, Beans and Cheese;;En
Fast food;Fajita with Chicken and Vegetables;;En
Fast food;Fajita with Beef and Vegetables;;En
Fast food;Fajita Style Chicken Sandwich with Cheese;;En
Fast food;Lettuce and Tomato on Pita Bread;;En
Fast food;Fajita-Style Beef Sandwich with Cheese;;En
Fast food;Lettuce and Tomato on Pita Bread;;En
Fast food;Chicken Fajitas (Diet Frozen Meal);;En
Fast food;Deep Fried Potato French Fries;Deep Fried Potato French Fries (from Frozen);En
Fast food;French Fried Potatoes;Cottage Cut, Par Fried, Frozen;En
Fast food;Potato French Fries;;En
Fast food;Breaded or Battered Potato French Fries;;En
Fast food;French Fries (Small);;En
Fast food;Hamburger on Bun;;En
Fast food;Hamburger with 1/4 Lb Meat on Bun;;En
Fast food;Hamburger Hamburger with Tomato;Hamburger with Tomato and/or Catsup on Bun;En
Fast food;Hamburger (Single Patty);;En
Fast food;Large Hamburger;;En
Fast food;Hash Brown (from Fresh);;En
Fast food;Hash Brown (from Frozen);;En
Fast food;Hashed Brown Potatoes;;En
Fast food;Hash Brown (from Dry Mix);;En
Fast food;Hash Browns;;En
Fast food;Hot Dog;;En
Fast food;Frankfurter;Hot Dog with Catsup and/or Mustard on Bun;En
Fast food;Beef Frankfurter ;;En
Fast food;Lowfat Beef Frankfurter;;En
Fast food;Fat Free Frankfurter;;En
Fast food;Nachos;;En
Fast food;Nachos with Chicken or Turkey;Nachos with Chicken or Turkey and Cheese;En
Fast food;Nachos with Beef, Beans and Cheese;;En
Fast food;Nachos with Cheese;;En
Fast food;Nachos with Beef and Cheese;;En
Fast food;Nachos with Beef and Beans;Nachos with Beef, Beans, Cheese and Sour Cream;En
Fast food;Onion Rings (Breaded and Fried);;En
Fast food;Onion Rings;;En
Fast food;Fried Batter Dipped Onion Rings;Fried Batter Dipped Onion Rings (from Fresh);En
Fast food;Onion Rings (Medium);;En
Fast food;Meatless Quesadilla with Cheese;;En
Fast food;Quesadilla with Meat and Cheese;;En
Fast food;Quesadilla with Poultry and Cheese;;En
Fast food;Smart Beginnings Breakfast Quesadilla;;En
Fast food;Anytime Selections Fiesta Quesadilla;;En
Fast food;Meatless Soyburger;;En
Fast food;Meatless Vegetable Burger or Patty;;En
Fast food;Meatless Soyburger with Cheese on Bun;;En
Fast food;Soy Burger;;En
Fast food;Tostada with Chicken;Tostada with Chicken, Cheese, Lettuce, Tomato and Salsa;En
Fast food;Tostada with Beef, Cheese and Lettuce;;En
Fast food;Tostada with Beef, Cheese, and Salsa;Tostada with Beef, Cheese, Lettuce, Tomato and Salsa;En
Fast food;Tostada with Beans and Meat;Tostada with Beans, Cheese, Meat, Lettuce, Tomato and Salsa;En
Fast food;Tostada with Beef, Cheese and Lettuce;;En
Fast food;Tostada with Beans  (Meatless);Tostada with Beans, Cheese, Lettuce, Tomato and Salsa (Meatless);En
Fast food;Taco with Chicken;Taco with Chicken, Cheese, Lettuce, Tomato and Salsa;En
Fast food;Taco with Beef, Cheese;;En
Fast food;Taco with Beef, Cheese and Salsa;Taco with Beef, Cheese, Lettuce, Tomato and Salsa;En
Fast food;Taco with Beans, Meat, Lettuce;Taco with Beans, Cheese, Meat, Lettuce, Tomato and Salsa;En
Fast food;Taco with Beef, Cheese and Lettuce;Taco with Beef, Cheese and Lettuce;En
Fast food;Taco with Beans (Meatless);Taco with Beans, Cheese, Lettuce, Tomato and Salsa (Meatless);En
Fish & Seafood;Anchovy;;En
Fish & Seafood;Rolled Anchovies;;En
Fish & Seafood;Flat Anchovies;;En
Fish & Seafood;Anchovies with Capers in Olive Oil;;En
Fish & Seafood;Fried Calamari;;En
Fish & Seafood;Baked or Broiled Calamari;;En
Fish & Seafood;Steamed or Boiled Calamari;;En
Fish & Seafood;Batter Fried Calamari;;En
Fish & Seafood;Crispy Calamari;;En
Fish & Seafood;Carp;;En
Fish & Seafood;Baked Carp;;En
Fish & Seafood;Broiled Carp;;En
Fish & Seafood;Fried Floured Carp;;En
Fish & Seafood;Fried Breaded Carp;;En
Fish & Seafood;Smoked Carp;;En
Fish & Seafood;Catfish;;En
Fish & Seafood;Baked Catfish;;En
Fish & Seafood;Broiled Catfish;;En
Fish & Seafood;Baked Breaded Catfish;;En
Fish & Seafood;Baked Battered Catfish;;En
Fish & Seafood;Fried Battered Catfish;;En
Fish & Seafood;Steamed or Poached Catfish;;En
Fish & Seafood;Cooked Clams;;En
Fish & Seafood;Steamed Clams;;En
Fish & Seafood;Boiled Clams;;En
Fish & Seafood;Fried Battered Clams;;En
Fish & Seafood;Baked Clams;;En
Fish & Seafood;Broiled Clams;;En
Fish & Seafood;Cod;;En
Fish & Seafood;Baked Cod;;En
Fish & Seafood;Broiled Cod;;En
Fish & Seafood;Atlantic Cod;;En
Fish & Seafood;Pacific Cod;;En
Fish & Seafood;Baked Breaded Cod;;En
Fish & Seafood;Baked Battered Cod;;En
Fish & Seafood;Baked Crab;;En
Fish & Seafood;Broiled Crab;;En
Fish & Seafood;Crab;;En
Fish & Seafood;Blue Crab;;En
Fish & Seafood;Dungeness Crab;;En
Fish & Seafood;Crayfish (Crawfish);;En
Fish & Seafood;Wild Crayfish (Crawfish);;En
Fish & Seafood;Boiled Crayfish;;En
Fish & Seafood;Steamed Crayfish;;En
Fish & Seafood;Fried Floured Crayfish;;En
Fish & Seafood;Fried Breaded Crayfish;;En
Fish & Seafood;Farmed Crayfish;;En
Fish & Seafood;Eel;;En
Fish & Seafood;Smoked Eel;;En
Fish & Seafood;Steamed Eel ;;En
Fish & Seafood;Poached Eel;;En
Fish & Seafood;Eel (Mixed Species);;En
Fish & Seafood;Baked Fish;;En
Fish & Seafood;Broiled Fish;;En
Fish & Seafood;Grilled Fish;;En
Fish & Seafood;Baked or Broiled Salmon;;En
Fish & Seafood;Tilapia (Fish);;En
Fish & Seafood;Cooked Flounder;;En
Fish & Seafood;Baked Flounder;;En
Fish & Seafood;Broiled Flounder;;En
Fish & Seafood;Steamed Flounder;;En
Fish & Seafood;Poached Flounder;;En
Fish & Seafood;Fried Battered Flounder;;En
Fish & Seafood;Baked Breaded Flounder;;En
Fish & Seafood;Baked Battered Flounder;;En
Fish & Seafood;Haddock;;En
Fish & Seafood;Baked Haddock;;En
Fish & Seafood;Broiled Haddock;;En
Fish & Seafood;Baked Breaded Haddock;;En
Fish & Seafood;Baked Battered Haddock;;En
Fish & Seafood;Steamed Haddock;;En
Fish & Seafood;Poached Haddock;;En
Fish & Seafood;Fried Battered Haddock;;En
Fish & Seafood;Atlantic Halibut;;En
Fish & Seafood;Pacific Halibut;;En
Fish & Seafood;Broiled Halibut;;En
Fish & Seafood;Battered Halibut;;En
Fish & Seafood;Greenland Halibut;;En
Fish & Seafood;Pickled Herring;;En
Fish & Seafood;Kippered Atlantic Herring;;En
Fish & Seafood;Atlantic Herring;;En
Fish & Seafood;Baked Herring;;En
Fish & Seafood;Broiled Herring;;En
Fish & Seafood;Dried Salted Herring;;En
Fish & Seafood;Lobster;;En
Fish & Seafood;Steamed Lobster;;En
Fish & Seafood;Boiled Lobster;;En
Fish & Seafood;Baked Lobster;;En
Fish & Seafood;Broiled Lobster;;En
Fish & Seafood;Spiny Lobster;;En
Fish & Seafood;Mackerel;;En
Fish & Seafood;Atlantic Mackerel;;En
Fish & Seafood;Baked Mackerel;;En
Fish & Seafood;Broiled Mackerel;;En
Fish & Seafood;Fried Floured Mackerel;;En
Fish & Seafood;Fried Breaded Mackerel;;En
Fish & Seafood;Mahi Mahi;;En
Fish & Seafood;Mahi Mahi Fillets;;En
Fish & Seafood;Mahi Mahi Steaks;;En
Fish & Seafood;Mussels;;En
Fish & Seafood;Blue Mussels;;En
Fish & Seafood;Cooked Mussels;;En
Fish & Seafood;Steamed Mussels;;En
Fish & Seafood;Poached Mussels;;En
Fish & Seafood;Mussels with Tomato-Based Sauce;;En
Fish & Seafood;Octopus;;En
Fish & Seafood;Steamed Octopus;;En
Fish & Seafood;Smoked Octopus;;En
Fish & Seafood;Boiled Dried Octopus;;En
Fish & Seafood;Oysters;;En
Fish & Seafood;Cooked Oysters;;En
Fish & Seafood;Baked Oysters;;En
Fish & Seafood;Broiled Oysters;;En
Fish & Seafood;Wild Eastern Oyster;;En
Fish & Seafood;Pacific Oyster;;En
Fish & Seafood;Salmon;;En
Fish & Seafood;Baked Salmon;;En
Fish & Seafood;Broiled Salmon;;En
Fish & Seafood;Atlantic Salmon (Farmed);;En
Fish & Seafood;Pink Salmon;;En
Fish & Seafood;Wild Atlantic Salmon;;En
Fish & Seafood;Sardines in Oil;;En
Fish & Seafood;Sardines in Water;;En
Fish & Seafood;Sardines with Tomato-Based Sauce;;En
Fish & Seafood;Sardines with Mustard Sauce;;En
Fish & Seafood;Dried Sardines;;En
Fish & Seafood;Scallops;;En
Fish & Seafood;Baked Scallops;;En
Fish & Seafood;Broiled Scallops;;En
Fish & Seafood;Fried Battered Scallops;;En
Fish & Seafood;Steamed Scallops;;En
Fish & Seafood;Boiled Scallops;;En
Fish & Seafood;Shrimp;;En
Fish & Seafood;Lobster;;En
Fish & Seafood;Clams;;En
Fish & Seafood;Crab;;En
Fish & Seafood;Mussels;;En
Fish & Seafood;Baked Shrimp;;En
Fish & Seafood;Broiled Shrimp;;En
Fish & Seafood;Steamed Shrimp;;En
Fish & Seafood;Boiled Shrimp;;En
Fish & Seafood;Fried Breaded Floured Shrimp;;En
Fish & Seafood;Battered Breaded Floured Shrimp;;En
Fish & Seafood;Shrimp Scampi;;En
Fish & Seafood;Smoked Salmon;;En
Fish & Seafood;Nova Smoked Salmon;;En
Fish & Seafood;Smoked Chinook Salmon;;En
Fish & Seafood;Sliced Smoked Nova Salmon;;En
Fish & Seafood;Smoked Chinook Salmon (Lox);;En
Fish & Seafood;Snapper;;En
Fish & Seafood;Steamed Porgy;;En
Fish & Seafood;Poached Porgy;;En
Fish & Seafood;Pacific Red Snapper Fillet;;En
Fish & Seafood;Snapper;;En
Fish & Seafood;Squid;;En
Fish & Seafood;Fried Breaded Squid;;En
Fish & Seafood;Boiled Squid;;En
Fish & Seafood;Steamed Squid;;En
Fish & Seafood;Broiled Baked Squid;;En
Fish & Seafood;Swordfish;;En
Fish & Seafood;Cooked Swordfish;;En
Fish & Seafood;Baked Swordfish;;En
Fish & Seafood;Broiled Swordfish;;En
Fish & Seafood;Fried Floured Swordfish;;En
Fish & Seafood;Fried Breaded Swordfish;;En
Fish & Seafood;Steamed Swordfish;;En
Fish & Seafood;Poached Swordfish;;En
Fish & Seafood;Tilapia;;En
Fish & Seafood;Tilapia Fillets;;En
Fish & Seafood;Grilled Tilapia;;En
Fish & Seafood;Crusted Tilapia;;En
Fish & Seafood;Trout;;En
Fish & Seafood;Rainbow Trout (Farmed);;En
Fish & Seafood;Wild Rainbow Trout;;En
Fish & Seafood;Baked Trout;;En
Fish & Seafood;Broiled Trout;;En
Fish & Seafood;Smoked Trout;;En
Fish & Seafood;Cooked Trout;;En
Fish & Seafood;Tuna;;En
Fish & Seafood;Tuna in Oil;;En
Fish & Seafood;Bluefin Tuna;;En
Fish & Seafood;Yellowfin Tuna;;En
Fish & Seafood;Baked Tuna;;En
Fish & Seafood;Broiled Tuna;;En
Hot drinks;Cappuccino;;En
Hot drinks;Decaffeinated Cappuccino;;En
Hot drinks;Coffee;;En
Hot drinks;Hot Cocoa Milk;;En
Hot drinks;Hot Chocolate Cocoa;;En
Hot drinks;Latte Coffee;;En
Hot drinks;Espresso Coffee;;En
Hot drinks;Instant Coffee;;En
Hot drinks;Cocoa Powder;;En
Hot drinks;Cocoa and Sugar Mixture;;En
Hot drinks;Chocolate Milk;;En
Hot drinks;Tea;;En
Hot drinks;Green Tea;;En
Hot drinks;Black Tea;;En
itemCategory;itemName;itemDescription;itemLanguage
Juice & Water;Apple Juice;;En
Juice & Water;Orange Juice;;En
Juice & Water;Cranberry Juice;;En
Juice & Water;Grape Juice;;En
Juice & Water;Grapefruit Juice;;En
Juice & Water;Mixed Vegetable Juice;;En
Juice & Water;Tomato Juice;;En
Juice & Water;Carrot Juice;;En
Juice & Water;Tomato and Vegetable Juice;;En
Juice & Water;Fruit Smoothie;;En
Juice & Water;Water;;En
Juice & Water;Water (Bottled);;En
Juice & Water;Carbonated Water (Bottled);;En
Meat;Bacon;;En
Meat;Canadian Bacon;;En
Meat;Bacon Cured;;En
Meat;Bacon Pan-Fried;;En
Meat;Bacon Baked;;En
Meat;Beef;;En
Meat;Roast Beef;;En
Meat;Corned Beef;;En
Meat;Beef Bologna;;En
Meat;Beef and Pork Bologna;;En
Meat;Beef Brisket;;En
Meat;Chicken;;En
Meat;Chicken Breast;;En
Meat;Chicken Thigh;;En
Meat;Chicken Drumstick;;En
Meat;Roasted Broiled Baked Chicken Breast;;En
Meat;Roasted Baked Baked Chicken Breast;;En
Meat;Chicken Drumsticks;;En
Meat;Roasted Broiled Chicken Drumstick;;En
Meat;Roasted Baked Chicken Drumstick;;En
Meat;Fried Chicken Drumstick;;En
Meat;Chicken Thigh;;En
Meat;Roasted Broiled Chicken Thigh;;En
Meat;Roasted Baked Chicken Thigh;;En
Meat;Chicken Wings;;En
Meat;Corned Beef;;En
Meat;Corned Beef Spread;;En
Meat;Corned Beef Brisket;;En
Meat;Duck;;En
Meat;Duck Meat;;En
Meat;Roasted Duck;;En
Meat;Fried Battered Duck;;En
Meat;Fried Chicken;;En
Meat;Grilled Chicken;;En
Meat;Flame Grilled Chicken Breast;;En
Meat;Breaded Ground Beef or Patty;;En
Meat;Ground Chicken;;En
Meat;Ground Pork;;En
Meat;Ground Turkey;;En
Meat;Ham;;En
Meat;Lamb;;En
Meat;Lamb Roast;;En
Meat;Lamb Chops;;En
Meat;Beef Meatballs;;En
Meat;Beef and Pork Meatballs;;En
Meat;Chicken Meatballs;;En
Meat;Turkey Meatballs;;En
Meat;Pork Meatballs;;En
Meat;Meat Loaf Made with Beef;;En
Meat;Meat Loaf Made with Beef and Pork;;En
Meat;Luncheon Meat Sandwich Loaf;;En
Meat;Beef Pastrami;;En
Meat;Turkey Pastrami;;En
Meat;Smoked & Spiced Beef Pastrami;;En
Meat;Beef Pastrami;;En
Meat;Pastrami Sandwich;;En
Meat;Pepperoni;;En
Meat;Pepperoni Stick;;En
Meat;Turkey Pepperoni;;En
Meat;Beef Pepperoni Sticks;;En
Meat;Pork;;En
Meat;Pork Chops;;En
Meat;Pork Roast;;En
Meat;Pork Spareribs;;En
Meat;Beef Shortribs;;En
Meat;Barbecued Pork Spareribs with Sauce;;En
Meat;Barbecued Beef Shortribs;;En
Meat;Pork Backribs;;En
Meat;Roast Beef;;En
Meat;Roast Chicken;;En
Meat;Roasted Broiled or Baked Chicken;;En
Meat;Chicken Meat (Roasting);;En
Meat;Roast Pork;;En
Meat;Loin Pork Roast;;En
Meat;Shoulder Pork Roast;;En
Meat;Smoked or Cured Pork Roast;;En
Meat;Roast Turkey;;En
Meat;Salami;;En
Meat;Dry or Hard Salami;;En
Meat;Soft Salami;;En
Meat;Beef Salami;;En
Meat;Pork Salami;;En
Meat;Sausages;;En
Meat;Beef Sausage;;En
Meat;Chicken Sausage;;En
Meat;Fresh Pork Sausage;;En
Meat;Turkey Sausage;;En
Meat;Italian Sausage;;En
Meat;Beef Steak;;En
Meat;Beef Top Sirloin;;En
Meat;Beef Porterhouse Steak;;En
Meat;Thinly Sliced Beef Sandwich Steak;;En
Meat;Turkey;;En
Meat;Turkey Breast Meat;;En
Meat;Turkey Bacon;;En
Meat;Turkey Breast;;En
Meat;Veal;;En
Meat;Veal Loin;;En
Meat;Roasted Veal;;En
Meat;Veal Schnitzel;;En
Meat;Veal Shank;;En
Pasta & Noodles;Gnocchi;;En
Pasta & Noodles;Potato Gnocchi;;En
Pasta & Noodles;Cheese Gnocchi;;En
Pasta & Noodles;Gnocchi Alla Sorrentina;;En
Pasta & Noodles;Gnocchi with Potato;;En
Pasta & Noodles;Italian Classics Mini Gnocchi;Italian Classics Mini Gnocchi with Potato;En
Pasta & Noodles;Lasagna;;En
Pasta & Noodles;Lasagna with Meat;;En
Pasta & Noodles;Lasagna with Meat and Spinach;;En
Pasta & Noodles;Lasagna with Chicken or Turkey;;En
Pasta & Noodles;Meatless Lasagna;;En
Pasta & Noodles;Meatless Lasagna with Vegetables;;En
Pasta & Noodles;Macaroni;;En
Pasta & Noodles;Whole Wheat Macaroni;;En
Pasta & Noodles;Spinach Macaroni;;En
Pasta & Noodles;Vegetable Macaroni;;En
Pasta & Noodles;Macaroni with Cheese;;En
Pasta & Noodles;Noodles;;En
Pasta & Noodles;Egg Noodles;;En
Pasta & Noodles;Whole Wheat Noodles;;En
Pasta & Noodles;Rice Noodles;;En
Pasta & Noodles;Chow Mein Chinese Noodles;;En
Pasta & Noodles;Paella;;En
Pasta & Noodles;Paella with Seafood;;En
Pasta & Noodles;Puerto Rican Style Seafood Paella;Paella A La Marinera;En
Pasta & Noodles;Valenciana Style Paella with Meat;Paella Valenciana;En
Pasta & Noodles;Seafood Paella;;En
Pasta & Noodles;Pasta;;En
Pasta & Noodles;Spaghetti;;En
Pasta & Noodles;Pasta with Meat Sauce;;En
Pasta & Noodles;Meatless Pasta with Tomato Sauce;;En
Pasta & Noodles;Whole Wheat Spaghetti;;En
Pasta & Noodles;Cheese Filled Ravioli;;En
Pasta & Noodles;Meat Filled Ravioli;;En
Pasta & Noodles;Ravioli with Tomato Sauce;;En
Pasta & Noodles;Ravioli;;En
Pasta & Noodles;Cheese Filled Ravioli with Meat Sauce;;En
Pasta & Noodles;Risotto;;En
Pasta & Noodles;Cheese Risotto;;En
Pasta & Noodles;Mushroom Risotto;;En
Pasta & Noodles;Asparagus Risotto;;En
Pasta & Noodles;Butternut Squash Risotto;;En
Pasta & Noodles;Rice Casserole with Cheese;;En
Pasta & Noodles;Spaghetti;;En
Pasta & Noodles;Whole Wheat Spaghetti;;En
Pasta & Noodles;Spaghetti with Meatballs;Spaghetti with Tomato Sauce and Meatballs;En
Pasta & Noodles;Meatless Spaghetti;Meatless Spaghetti with Tomato Sauce;En
Pasta & Noodles;Spaghetti with Vegetables;;En
Pasta & Noodles;Tortellini;;En
Pasta & Noodles;Cheese Filled Tortellini;;En
Pasta & Noodles;Meatless Cheese Filled Tortellini;Meatless Cheese Filled Tortellini with Tomato Sauce;En
Pasta & Noodles;Meat Filled Tortellini;;En
Rice and Cereals;Polenta;;En
Rice and Cereals;Baked Polenta;;En
Rice and Cereals;Boiled Polenta;;En
Rice and Cereals;Fried Polenta;;En
Rice and Cereals;Organic Polenta;;En
Rice and Cereals;Organic Mushroom & Onion Polenta;;En
Rice and Cereals;Rice Pilaf;;En
Rice and Cereals;Wheat Pilaf;;En
Rice and Cereals;7 Whole Grain Pilaf;;En
Rice and Cereals;Brown Rice Pilaf;;En
Rice and Cereals;Lean Gourmet Vegetable Rice Pilaf;;En
Rice and Cereals;Jambalaya;;En
Rice and Cereals;Jambalaya with Meat and Rice;;En
Rice and Cereals;Shrimp Creole with Rice;;En
Rice and Cereals;Gumbo with Rice;;En
Rice and Cereals;New Orleans Style Jambalaya Rice;;En
Rice and Cereals;Couscous;;En
Rice and Cereals;Tri-Colored Couscous;;En
Rice and Cereals;Broccoli & Cheese Couscous Mix;;En
Rice and Cereals;Fried Rice;;En
Rice and Cereals;Chicken Fried Rice;;En
Rice and Cereals;Meatless Fried Rice;;En
Rice and Cereals;Pork Fried Rice;;En
Rice and Cereals;Shrimp Fried Rice;;En
Rice and Cereals;Instant White Rice;;En
Rice and Cereals;White Rice;;En
Rice and Cereals;Brown Rice;;En
Rice and Cereals;Wild Rice;;En
Salads;Caesar Salad;;En
Salads;Caesar Salad with Romaine;;En
Salads;Chicken Caesar Salad;;En
Salads;Caesar Salad Kit;;En
Salads;Light Caesar Salad Kit;;En
Salads;Caesar Salad without Croutons;;En
Salads;Chicken or Turkey Salad;;En
Salads;Chicken or Turkey Salad with Egg;;En
Salads;Chicken or Turkey Garden Salad ;Chicken and/or Turkey, Other Vegetables Excluding Tomato and Carrots;En
Salads;Oriental Chicken or Turkey Garden Salad ;Chicken and/or Turkey, Lettuce, Fruit, Nuts;En
Salads;Chicken or Turkey Garden Salad;Chicken and/or Turkey, Tomato and/or Carrots, Other Vegetables;En
Salads;Coleslaw;;En
Salads;Cabbage Salad or Coleslaw with Dressing;;En
Salads;Cabbage Salad or Coleslaw with Apples;Cabbage Salad or Coleslaw with Apples and/or Raisins with Dressing;En
Salads;Cabbage Salad or Coleslaw with Pineapple;Cabbage Salad or Coleslaw with Pineapple with Dressing;En
Salads;Broccoli Coleslaw;;En
Salads;Egg Salad;;En
Salads;Egg and Cucumber Salad;;En
Salads;Spicy Ranchero Egg White Salad;;En
Salads;Egg White Salad with Chives;;En
Salads;Eggless Egg Salad;;En
Salads;Lettuce Salad with Assorted Vegetables;;En
Salads;Lettuce Salad with Cheese;;En
Salads;Lettuce Salad with Avocado;;En
Salads;Tomato and/or Carrots;;En
Salads;Lettuce Salad with Egg;;En
Salads;Greek Salad;;En
Salads;Greek Salad;;En
Salads;Reduced Fat Greek Salad;;En
Salads;Greek Salad;;En
Salads;Greek Chicken Salad;;En
Salads;Macaroni or Pasta Salad;;En
Salads;Macaroni or Pasta Salad with Chicken;;En
Salads;Macaroni or Pasta Salad with Tuna;;En
Salads;Pasta or Macaroni Salad with Meat;;En
Salads;Pasta or Macaroni Salad with Oil;Pasta or Macaroni Salad with Oil and Vinegar-Type Dressing;En
Salads;Potato Salad;;En
Salads;Potato Salad with Egg;;En
Salads;German Style Potato Salad;;En
Salads;Potato Salad Side Dish;;En
Salads;Old Fashioned Potato Salad;;En
Salads;Mixed Salad Greens;;En
Salads;Lettuce Salad with Assorted Vegetables;;En
Salads;Potato Salad;;En
Salads;Tuna Salad;;En
Salads;Egg Salad;;En
Salads;Taco Salad;;En
Salads;Taco or Tostada Salad with Beef;;En
Salads;Beans and Cheese in Fried Flour Tortilla;;En
Salads;Taco or Tostada Salad with Beef;;En
Salads;Cheese and Corn Chips;;En
Salads;Taco or Tostada Salad (Meatless);Meatless Taco or Tostada Salad with Cheese in Fried Flour Tortilla;En
Salads;Taco Salad with Chili Con Carne;;En
Salads;Tuna Fish Salad;;En
Salads;Tuna Salad;;En
Salads;Tuna Salad with Cheese;;En
Salads;Tuna Salad with Egg;;En
Salads;Garden Salad with Tuna Salad;;En
Soups;Ajiaco;In the Colombian capital of Bogota, ajiaco is typically made with chicken, three varieties of potatoes, and the Galinsoga parviflora herb.;En
Soups;Acquacotta;Originally a peasant food, historically, its primary ingredients were water, stale bread, onion, tomato, olive oil and any spare vegetables or leftovers.;En
Soups;Avgolemono;Chicken broth, rice or orzo, and lemon, thickened with tempered eggs;En
Soups;Avocado soup;Can be prepared and served as a cold or hot soup;En
Soups;Bacon soup;Bacon, vegetables, and a thickening agent. Pictured is celery and bacon soup.;En
Soups;Bak kut teh;Consists of meaty pork ribs simmered in a complex broth of herbs and spices (including star anise, cinnamon, cloves, dang gui, fennel seeds and garlic) for hours.;En
Soups;Bakso;Meatball noodle soup in rich beef broth, sometimes include bok choy, noodles, tofu, hard-boiled egg, fried shallots and wontons.;En
Soups;Barley;Barley, vegetables, and broth;En
Soups;Beef noodle soup;Stewed or red braised beef, beef broth, vegetables and Chinese noodles.;En
Soups;Beer soup;Recipe from the middle ages using heated beer and pieces of bread, though other ingredients were also used.;En
Soups;Bergen fish soup;White fish (haddock, halibut, cod) and various vegetables in a heavy cream;En
Soups;Binignit;Coconut milk, fruits and tapioca pearls, served hot but sometimes chilled;En
Soups;Bird's nest soup;Edible bird's nest, an expensive delicacy valued for its unusual texture;En
Soups;Borscht;Cabbage and beet-based soup with meat. One of very few soups that can be enjoyed hot or cold. A national Ukrainian dish;En
Soups;Bouillabaisse;Fish soup;En
Soups;Bouillon (soup);Sliced meat, potatoes, sliced plantains, yam, kelp, cabbage, and celery. Traditionally prepared on Saturdays;En
Soups;Bourou-Bourou;Vegetable and pasta;En
Soups;Brenebon;Kidney bean soup served in pig's trotters broth, spiced with shallot, garlic, salt, sugar, pepper, nutmeg and clove. Mixed with chopped green beans, celery and scallion.;En
Soups;Brown veal;Veal;En
Soups;Brown Windsor soup;Lamb or beef steak, parsnips, carrots, leeks, bouquet garni, Madeira wine, popular in England during the Victorian and Edwardian eras;En
Soups;Bun bo Hue;A noodle soup from central Vietnam, with beef.;En
Soups;Buridda;seafood soup or stew;En
Soups;Butajiru;Pork soup;En
Soups;Cabbage soup;Cabbage soup, kapusniak, kapustnica, zelnacka;En
Soups;Caldillo de congrio;Conger eel heads, garlic, onion, coriander, carrots, pepper, chopped tomatoes, cream, boiled potatoes, and conger meat.;En
Soups;Caldillo de perro;Seafood, hake, garlic, olive oil, lemons, and Seville oranges. It is customarily served with sour orange juice.;En
Soups;Caldo verde;Potatoes, thinly sliced kale, with slices of chouri?o added before serving.;En
Soups;Callaloo;Taro leaf or other leafy greens, usually with pork or crab added for flavor.;En
Soups;Canh chua;A fish soup from southern Vietnam, made sour with tamarind.;En
Soups;Canja de Galinha;Chicken, pasta and lemon, particularly popular in the states of Minas Gerais and Goi?s;En
Soups;Carp soup;Carp's head and offal, onion and vegetable. Part of traditional Czech Christmas Eve dinner.;En
Soups;Carrot soup;Prepared with carrot as a primary ingredient, it can be prepared as a cream-style soup and as a broth-style soup.;En
Soups;Cazuela;Clear broth, rice, potato, squash or pumpkin, corn and chicken or beef.;En
Soups;Chestnut bisque;Chestnuts are a primary ingredient;En
Soups;Chicken noodle soup;Chicken, stock, noodles, such as egg noodles;En
Soups;Chicken;Made from chicken that's simmered with various other ingredients. Pictured is southern Chinese style chicken soup with mushrooms and corn.;En
Soups;Chicken vegetable soup;Chicken, stock, onion, green beans, carrots, potato;En
Soups;Chupe;Thin, milky seafood soup, also referred to as Chupe de Mariscos;En
Soups;Chupe Andino;Refers to various soups and stews that are prepared in Andes Mountains region of South America;En
Soups;Cioppino;Fish stew with tomatoes and a variety of fish and shellfish (Italian-American);En
Soups;Cock-a-leekie;Leek and potato soup made with chicken stock;En
Soups;Cold borscht;Beetroot (or sometimes tomato), popular in Eastern Europe.;En
Soups;Corn chowder;Similar to New England clam chowder, with corn substituted for clams in the recipe;En
Soups;Crab bisque;Crab stock and heavy cream;En
Soups;Cream of apple soup;;En
Soups;Cream of asparagus;;En
Soups;Cream of broccoli;Broccoli, stock, and milk or cream as primary ingredients;En
Soups;Cream of celery;;En
Soups;Cream of chicken;;En
Soups;Cream of potato;;En
Soups;Cream of tomato;;En
Soups;Cream of Crab;Pictured is Maryland cream of crab soup.;En
Soups;Cream of mushroom;;En
Soups;Cr?me Ninon;Base of a heavy stock pur?e of green peas and dry champagne;En
Soups;Cucumber soup;Cucumber soup is known in various cuisines.;En
Soups;Cullen skink;Smoked haddock, potatoes, onions and cream;En
Soups;Curry Mee;;En
Soups;Dalithoy;Soup made with split yellow lentils and spices. It is a Konkani staple that is often served over rice.;En
Soups;Dashi;Clear fish stock made with kombu (sea kelp) and katsuobushi (smoked bonito flakes).;En
Soups;Duck soup noodles;The dish consists of ingredients such as duck meat in hot soup with mixed herbs and Bee sua served in particular at Penang hawker centres.;En
Soups;Egg drop soup;Savory soup made by pouring beaten eggs into swirling boiling water or broth;En
Soups;Etrog;Citron soup, used in Jewish ritual at the feast of Succot;En
Soups;Ezogelin soup;Savory soup made by red lentil, bulgur, onion, garlic, salt, olive oil, black pepper, hot pepper and peppermint;En
Soups;Fanesca;Cod soup;En
Soups;Fish soup bee hoon;Seafood;En
Soups;Fish;;En
Soups;Fisherman's Soup;Hot and spicy river fish soup with a lot of hot paprika.;En
Soups;French onion soup;Deep, rich broth made with onions and beef. Often topped with croutons and gruyere cheese melted golden on top, over the edges of the bowl.;En
Soups;Fruktsoppa;Dried fruit such as raisins and prunes;En
Soups;Fufu and Egusi soup;Vegetables, meat, fish, and balls of ground melon seed;En
Soups;Fumet;Fish stock, often concentrated and used as a base for sauces, and usually made with fish heads and bones;En
Soups;Garmugia;Primary ingredients include chicken or vegetable stock or broth, asparagus, artichoke hearts, fava beans, peas, onion and meats, such as pancetta and veal.;En
Soups;Gazpacho;Pureed tomato and vegetables;En
Soups;Ginataan;Method of cooking using coconut milk.;En
Soups;Ginestrata;Thin, lightly spiced egg-based soup prepared with primary ingredients of egg yolks, chicken stock, and Marsala wine or white wine;En
Soups;Goat meat pepper soup;Common ingredients are goat meat, crayfish, Uziza, Negro Pepper and nutmeg.;En
Soups;Gogi guksu;Pork and noodle soup;En
Soups;Gomguk;Beef parts such as ribs, oxtail, brisket, ox's head or ox bones by slow simmering on a low flame.;En
Soups;Goulash soup;Beef, pork, paprika, peppers, tomato, potato, and onion. Hungarian: gulyas translates roughly as cowboy;En
Soups;Ground nut soup;Groundnuts;En
Soups;Kimchi Guk;Kimchi soup;En
Soups;Gumbo;Creole soup. Often includes seafood, made with shrimp or crab stock and andouille sausage and thickened with a dark roux.;En
Soups;Harira;Popular as a starter but is also eaten on its own as a light snack.;En
Soups;Hot and sour soup;Soups from several Asian culinary traditions. In all cases, the soup contains ingredients to make it both spicy and sour.;En
Soups;Joumou;Mildly spicy pumpkin soup made with pieces of beef, potato, plantains and vegetables.;En
Soups;Kharcho;Lamb, rice, vegetables and a highly spiced bouillon;En
Soups;Laksa;A Peranakan cuisine.;En
Soups;Lagman;Pasta, vegetables, ground lamb and numerous spices;En
Soups;Leek soup;Leeks and often potatoes. Popular during St. David's Day. Pictured is leek and potato soup.;En
Soups;Lettuce soup;Lettuce is a primary ingredient. Some versions pur?e all of the ingredients together, and cream of lettuce soup is a type of lettuce soup.;En
Soups;Lentil soup;Red, green, or brown lentils. Popular in the Middle East and Mediterranean area.;En
Soups;Lobster stew;Cream or stock-based soup with chunks of lobster;En
Soups;Lobsterbisque;Lobster stock, heavy cream, and sherry;En
Soups;Log-log;Egg noodle soup (regional variants include Kinalas, Batchoy);En
Soups;Lohikeitto;Salmon, potatoes (other root vegetables can be added such as rutabaga, carrots, onions), cream, and dill;En
Soups;Lung fung soup;Oriental Ratsnake soup made with chicken, lemon, chili peppers, and Chinese vegetables;En
Soups;Maccu;fava beans is a primary ingredient;En
Soups;Manhattan clam chowder;Tomato-based clam chowder;En
Soups;Maryland crab soup;Vegetables, blue crab, and Old Bay Seasoning in a tomato base;En
Soups;Matzah ball soup;Staple food on Passover. The Matzah ball dumplings are traditionally served in chicken broth with sliced carrots, garnished with chopped parsley.;En
Soups;Melon soup;Soup prepared with melon as a primary ingredient. Pictured is a muskmelon soup.;En
Soups;Menudo;Tripe, calf's feet, chiles, hominy, and seasonings;En
Soups;Minestrone;Vegetables with noodles;En
Soups;Miso soup;Dashi stock base with dissolved miso paste (fermented rice, barley and/or soybeans). Common ingredients include tofu and seaweed.;En
Soups;Miyeok guk;Seaweed;En
Soups;Mohinga;Chickpea flour and/or crushed toasted rice, garlic, onions, lemongrass, banana tree stem, ginger, fish paste, fish sauce, and catfish in a rich broth.;En
Soups;Mulligan Stew;Improvised stew, typically made with whatever ingredients are available;En
Soups;Mulligatawny;Meat, vegetables, and spices. Based on an Indian sauce recipe.;En
Soups;Naengmyeon;Buckwheat noodles in a tangy iced beef broth, raw julienned vegetables, a slice of a Korean pear, and often a boiled egg and/or cold beef;En
Soups;Nang men;Traditional noodles;En
Soups;Nettle soup;Tender shoots of the stinging nettle, popular in Scandinavia and eastern Europe;En
Soups;New England clam chowder;Bacon, mirepoix, clam juice and heavy cream, with other ingredients such as potatoes and chopped clams;En
Soups;Nikujaga;;En
Soups;Okra soup;Okra;En
Soups;Okroshka;Kvass-based vegetable and ham soup;En
Soups;Oxtail soup;Oxtail soup is made with beef tails.;En
Soups;Palm nut soup;Palm kernel;En
Soups;Panada;Bread soup made with leftover bread, eggs, beef broth and Parmigiano-Reggiano Cheese.;En
Soups;Pasta fagioli;Chicken stock, pasta and vegetables.;En
Soups;Yellow pea soup;Pea soup, originating with French settlers in Canada. Also called French-Canadian pea soup;En
Soups;Peanut soup;Made from peanuts, popular in African cuisine. Pictured is peanut soup (left) with fufu.;En
Soups;Philadelphia Pepper Pot;Beef tripe pepper soup;En
Soups;Pickle soup;Various types of pickled vegetables, dill pickle soup is a variety of pickle soup prepared with pickled cucumber.;En
Soups;Pork blood soup;Thai cuisine, one version is called tom lueat mu. Also a part of Chinese cuisine, and was consumed by laborers in Kaifeng over 1,000 years ago.;En
Soups;Pozole;Pork or chicken meat and broth, hominy, onion, garlic, dried chiles and cilantro, in a thick, hearty soup;En
Soups;Pumpkin;Pumpkin cream soup may contain some green pepper (Italian), red bell pepper, onion, salt and some oil. Rucola leaves top the soup.;En
Soups;Ramen;Fresh or dried noodles in a variety of broths with a variety of toppings.;En
Soups;Rasam;Broth made in various ways using different spices and tamarind;En
Soups;Rassolnik;Dill pickle soup. It usually contains groats, such as pearl barley, rice or oatmeal, potatoes, greens and herbs.;En
Soups;Rawon;A beef stew in black keluak soup that originated from Surabaya, East Java.;En
Soups;Rumford's Soup;Simple soup prepared with barley or barley meal and dried peas as primary ingredients that was utilized to feed impoverished people.;En
Soups;Saimin;Fresh, soft, undried egg noodles in bonito fish or shrimp broth with Chinese, Japanese, Filipino, Hawaiian, Korean, and Portuguese influences;En
Soups;Salmorejo;Tomato soup with garlic and bread crumbs;En
Soups;Sambar;Sambar, also spelt sambhar, is a lentil-based vegetable stew or chowder based on a broth made with tamarind.;En
Soups;Samgyetang;Chicken ginseng soup made with glutinous rice, jujubes, chestnuts, garlic, and ginger;En
Soups;Sayur Asem;Vegetable soup, sour and spicy;En
Soups;Sayur Lodeh;Vegetables stew in coconut milk based soup.;En
Soups;Scotch Broth;Mutton, barley, and various vegetables;En
Soups;Shark fin soup;Shark's fin, nearly tasteless, an expensive delicacy valued for its unusual texture;En
Soups;Green shchi;Shchav, sorrel soup, green borscht, green shchi;En
Soups;Shchi;Cabbage soup, a national Russian dish;En
Soups;Seafood chowder;Salmon, mussels, shrimp, and scallops in a cream base;En
Soups;She-crab soup;Blue crab meat and crab roe;En
Soups;Shrimp bisque;Shrimp;En
Soups;Sliced fish soup;Fish, prawns, and vegetables;En
Soups;Snert;Thick pea soup, eaten in the winter, traditionally served with sliced sausage;En
Soups;Solyanka;Pickled cucumbers, sausages, smoked meat, fish or mushrooms, olives;En
Soups;Sop saudara;Spicy beef soup contains bits of beef and offals (usually fried cow's lungs), rice vermicelli, perkedel (fried potato patty) and hard boiled egg.;En
Soups;Sopa de Gato;Simple soup, typically includes water, bread, oil, garlic, and salt;En
Soups;Soto;Rich soups based on various spice pastes, broths and sometimes coconut milk, often named by their originating region.;En
Soups;Soto ayam;Spicy shredded chicken soup with noodles and a variety of garnishes.;En
Soups;Soup alla Canavese;White stock, tomato puree, butter, carrot, celery, onion, cauliflower, bacon fat, Parmesan cheese, parsley, sage, salt, and pepper;En
Soups;Sour cherry soup;Hungarian: megyleves. Sour cherries, sour cream;En
Soups;Sour rye soup, white borscht;Made of soured rye flour (akin to sourdough) and meat (usually boiled pork sausage or pieces of smoked sausage, bacon or ham);En
Soups;Sour soup(fish soup);Rice, fish, various vegetables, and in some cases pineapple. The term also refers to various soups in a number of national cuisines.;En
Soups;Spinach soup;Prepared using spinach as a main ingredient;En
Soups;Split pea;Dried peas, such as the split pea.;En
Soups;Squash bisque;;En
Soups;Stone soup;Pork meat products (such as black chouri?o, common chouri?o and bacon), red beans, and coriander;En
Soups;Sup Kambing;Goat meat, tomato, celery, spring onion, ginger, candlenut and lime leaf, its broth is yellowish in color;En
Soups;Stracciatella;Made by drizzling a preparation based on beaten eggs into boiling meat broth while stirring.;En
Soups;Swedish fruit soup;Typically prepared using dried fruits, and typically served as a dessert dish. It may be served hot or cold.;En
Soups;Taco soup;Similar ingredients to those used inside a taco: ground beef, tomatoes, chopped green chilis, olives, onions, corn, beans, and a packet of taco seasoning.;En
Soups;Tarator;Yogurt and cucumbers;En
Soups;Tarhana;Fermented grain and dairy;En
Soups;Tekwan;Fishcake or fishballs, jicama and mushroom soup in savoury broth. Specialty of Palembang city.;En
Soups;Tinola;Chicken, sliced green papayas, malunggay;En
Soups;Tom Yum;Lemongrass, galangal and kaffir lime leaf, fish sauce and lime juice in the broth.;En
Soups;Tomato bisque;Tomatoes and heavy cream, basil can be added to create tomato basil bisque;En
Soups;Tomato soup;Tomato is the primary ingredient. Also popular in many countries, including Hungary (Hungarian: paradicsomleves) and Poland (Polish: pomidorowa);En
Soups;Tongseng;A sweet and spicy goat meat soup, specialty of Solo, Central Java.;En
Soups;Tortilla soup;Fried corn tortilla pieces submerged into a broth of tomato and other ingredients.;En
Soups;Tteokguk;Tteok (rice cake) soup;En
Soups;Turkey soup;Turkey stock and meat, vegetables (typically onions, carrots, celery), broad egg noodles or rice;En
Soups;Ukha or yushka;Cod or salmon, vegetables, lime, dill, parsley, and black pepper;En
Soups;Vegetable soup;Vegetables as a primary ingredient;En
Soups;Vichyssoise;Creamy potato and leek soup, served with chives;En
Soups;Vori vori;Balls of corn flour and cheese, often with chicken;En
Soups;Waterzooi;Stew made with fish (traditional) or chicken;En
Soups;Wedding soup;Green vegetables, meat, chicken broth;En
Soups;White beef;;En
Soups;White veal;;En
Soups;Wine soup;Hungarian: borleves. Pictured is a wine soup with bread;En
Soups;Winter melon;Winter melon, filled with stock (usually chicken stock), vegetables, and meat, which has been steamed for a few hours;En
Soups;Zuppa pavese;Consists of broth into which fried slices of bread and poached eggs are placed. It is usually served with grated cheese.;En
Pizza;Pizza aglio e olio;;En
Pizza;Pizza aglio, olio e pomodoro;;En
Pizza;Pizza alla marinara;;En
Pizza;Pizza con le cozze;;En
Pizza;Pizza alle vongole;;En
Pizza;Pizza Margherita;;En
Pizza;Pizza Napolitana/Napoli;;En
Pizza;Pizza Regina;;En
Pizza;Pizza capricciosa;;En
Pizza;Pizza ai quattro formaggi;;En
Pizza;Pizza quattro stagioni;;En
Pizza;Pizza ai funghi e salsicce;;En
Pizza;Pizza Diabola;;En
Pizza;Pizza al tonno;;En
Pizza;Pizza ai frutti di mare;;En
Pizza;Pizza Hawaii;;En
Pizza;Sicilian pizza;;En